diag1	share_of_total
V5789  	0.05758642690044660791
486    	0.02776530636357191805
0389   	0.02615846310168009641
5990   	0.01658829367423615870
49121  	0.01573761194735225313
5849   	0.01474514993265436329
42731  	0.01472151988468536591
71536  	0.01346912734232850493
43491  	0.01186228408043668329
41071  	0.01172050379262269902
A419   	0.01131879297714974361
41401  	0.01030270091448285640
4280   	0.00973557976322691935
42823  	0.00829414683711807935
51881  	0.00812873650133509771
6826   	0.00772702568586214230
42833  	0.00753798530211016328
5070   	0.00687634395897823673
7802   	0.00630922280772229968
78659  	0.00609655237600132328
51884  	0.00586025189631134951
J189   	0.00583662184834235213
5789   	0.00510409036130343345
J441   	0.00508046031333443607
71535  	0.00489141992958245705
82021  	0.00465511944989248328
N179   	0.00460785935395448853
4359   	0.00458422930598549115
41519  	0.00437155887426451476
49122  	0.00434792882629551738
5609   	0.00434792882629551738
27651  	0.00420614853848153312
N390   	0.00411162834660554361
56211  	0.00408799829863654623
43310  	0.00406436825066754886
I214   	0.00375717762707058295
00845  	0.00361539733925659869
8208   	0.00361539733925659869
5770   	0.00359176729128760131
49322  	0.00319005647581464590
42843  	0.00319005647581464590
03842  	0.00316642642784564853
2761   	0.00314279637987665115
71596  	0.00307190623596965902
78650  	0.00304827618800066164
42789  	0.00293012594815567476
25080  	0.00290649590018667738
99859  	0.00274108556440369574
29570  	0.00271745551643469836
72887  	0.00269382546846570099
M1711  	0.00269382546846570099
I639   	0.00269382546846570099
I5033  	0.00267019542049670361
3310   	0.00255204518065171672
5589   	0.00252841513268271935
496    	0.00243389494080672984
78097  	0.00243389494080672984
71516  	0.00243389494080672984
4019   	0.00241026489283773246
72402  	0.00238663484486873508
82009  	0.00233937474893074033
M1712  	0.00226848460502374820
V571   	0.00226848460502374820
43411  	0.00224485455705475082
I5023  	0.00224485455705475082
56212  	0.00217396441314775869
56081  	0.00215033436517876131
V5811  	0.00210307426924076656
4241   	0.00205581417330277180
V5481  	0.00200855407736477705
2859   	0.00198492402939577967
42781  	0.00198492402939577967
45341  	0.00191403388548878754
99664  	0.00189040383751979017
57400  	0.00189040383751979017
42821  	0.00186677378955079279
431    	0.00184314374158179541
41400  	0.00184314374158179541
78079  	0.00181951369361279803
4580   	0.00181951369361279803
03849  	0.00172499350173680853
5781   	0.00167773340579881377
5119   	0.00167773340579881377
7197   	0.00165410335782981639
J690   	0.00165410335782981639
2989   	0.00165410335782981639
4660   	0.00163047330986081902
M6281  	0.00163047330986081902
71595  	0.00160684326189182164
4414   	0.00155958316595382689
J9621  	0.00155958316595382689
Z471   	0.00155958316595382689
I480   	0.00153595311798482951
4271   	0.00153595311798482951
0380   	0.00151232307001583213
K922   	0.00151232307001583213
42732  	0.00146506297407783738
Z5189  	0.00146506297407783738
I130   	0.00144143292610884000
40391  	0.00144143292610884000
5921   	0.00144143292610884000
78701  	0.00141780287813984262
J9601  	0.00139417283017084525
34590  	0.00137054278220184787
41041  	0.00137054278220184787
42831  	0.00137054278220184787
1629   	0.00134691273423285049
8082   	0.00134691273423285049
49392  	0.00134691273423285049
I25110 	0.00132328268626385312
72210  	0.00132328268626385312
73313  	0.00132328268626385312
185    	0.00129965263829485574
V5413  	0.00129965263829485574
40491  	0.00129965263829485574
M1612  	0.00129965263829485574
I509   	0.00127602259032585836
59080  	0.00127602259032585836
4829   	0.00127602259032585836
L03116 	0.00125239254235686098
53140  	0.00125239254235686098
60001  	0.00125239254235686098
I4891  	0.00125239254235686098
2767   	0.00125239254235686098
M1611  	0.00122876249438786361
29633  	0.00120513244641886623
A047   	0.00118150239844986885
5601   	0.00118150239844986885
99666  	0.00118150239844986885
78900  	0.00115787235048087148
2851   	0.00115787235048087148
7804   	0.00115787235048087148
2809   	0.00115787235048087148
I2699  	0.00113424230251187410
1623   	0.00113424230251187410
5693   	0.00113424230251187410
72888  	0.00113424230251187410
25060  	0.00111061225454287672
44021  	0.00111061225454287672
8054   	0.00111061225454287672
99662  	0.00111061225454287672
78039  	0.00108698220657387934
M179   	0.00108698220657387934
5845   	0.00108698220657387934
4260   	0.00108698220657387934
27801  	0.00106335215860488197
R55    	0.00106335215860488197
57410  	0.00106335215860488197
M4806  	0.00106335215860488197
436    	0.00106335215860488197
7993   	0.00106335215860488197
28262  	0.00106335215860488197
J440   	0.00106335215860488197
G459   	0.00106335215860488197
4589   	0.00103972211063588459
I5043  	0.00103972211063588459
7812   	0.00103972211063588459
72252  	0.00103972211063588459
25082  	0.00103972211063588459
03812  	0.00103972211063588459
43311  	0.00103972211063588459
34830  	0.00101609206266688721
6827   	0.00101609206266688721
71531  	0.00101609206266688721
L03115 	0.00101609206266688721
E860   	0.00099246201469788984
K5660  	0.00099246201469788984
29421  	0.00099246201469788984
5722   	0.00099246201469788984
4321   	0.00099246201469788984
72403  	0.00099246201469788984
25070  	0.00096883196672889246
7211   	0.00096883196672889246
7213   	0.00096883196672889246
78060  	0.00096883196672889246
E871   	0.00096883196672889246
45340  	0.00096883196672889246
56089  	0.00094520191875989508
1890   	0.00094520191875989508
I10    	0.00094520191875989508
2536   	0.00092157187079089771
71515  	0.00092157187079089771
29530  	0.00089794182282190033
5579   	0.00089794182282190033
6822   	0.00089794182282190033
41091  	0.00087431177485290295
85221  	0.00087431177485290295
34831  	0.00087431177485290295
41011  	0.00087431177485290295
2113   	0.00087431177485290295
0088   	0.00087431177485290295
6823   	0.00087431177485290295
1983   	0.00087431177485290295
44024  	0.00087431177485290295
25002  	0.00087431177485290295
2768   	0.00085068172688390557
K529   	0.00085068172688390557
25013  	0.00085068172688390557
5533   	0.00085068172688390557
45342  	0.00082705167891490820
R4182  	0.00082705167891490820
27669  	0.00082705167891490820
5750   	0.00082705167891490820
99673  	0.00082705167891490820
1625   	0.00080342163094591082
4010   	0.00080342163094591082
I110   	0.00080342163094591082
99642  	0.00080342163094591082
78791  	0.00080342163094591082
7384   	0.00080342163094591082
R0789  	0.00080342163094591082
I2510  	0.00080342163094591082
G309   	0.00080342163094591082
2800   	0.00080342163094591082
25012  	0.00080342163094591082
29534  	0.00080342163094591082
99674  	0.00077979158297691344
40291  	0.00077979158297691344
I120   	0.00077979158297691344
42830  	0.00077979158297691344
43889  	0.00077979158297691344
R531   	0.00077979158297691344
70703  	0.00075616153500791607
53550  	0.00075616153500791607
59010  	0.00075616153500791607
25000  	0.00075616153500791607
7837   	0.00075616153500791607
34982  	0.00073253148703891869
28800  	0.00073253148703891869
53081  	0.00073253148703891869
55321  	0.00073253148703891869
72271  	0.00073253148703891869
J9600  	0.00073253148703891869
5856   	0.00073253148703891869
F250   	0.00073253148703891869
99591  	0.00073253148703891869
29680  	0.00070890143906992131
T814XXA	0.00070890143906992131
71590  	0.00070890143906992131
K5731  	0.00070890143906992131
48283  	0.00070890143906992131
A4151  	0.00070890143906992131
99672  	0.00070890143906992131
29420  	0.00070890143906992131
7230   	0.00068527139110092393
82022  	0.00068527139110092393
5920   	0.00068527139110092393
311    	0.00068527139110092393
99641  	0.00068527139110092393
99811  	0.00068527139110092393
99681  	0.00066164134313192656
V5878  	0.00066164134313192656
K565   	0.00066164134313192656
5570   	0.00066164134313192656
4240   	0.00066164134313192656
53783  	0.00066164134313192656
1749   	0.00066164134313192656
3315   	0.00066164134313192656
29590  	0.00063801129516292918
I350   	0.00063801129516292918
1889   	0.00063801129516292918
29634  	0.00063801129516292918
5780   	0.00063801129516292918
042    	0.00063801129516292918
41402  	0.00063801129516292918
M170   	0.00063801129516292918
53240  	0.00063801129516292918
V4365  	0.00063801129516292918
56400  	0.00061438124719393180
I495   	0.00061438124719393180
56969  	0.00061438124719393180
99647  	0.00061438124719393180
57450  	0.00061438124719393180
99749  	0.00061438124719393180
59971  	0.00061438124719393180
V1588  	0.00061438124719393180
6820   	0.00061438124719393180
55221  	0.00061438124719393180
7210   	0.00061438124719393180
7242   	0.00061438124719393180
29630  	0.00061438124719393180
5715   	0.00059075119922493443
I69354 	0.00059075119922493443
S065X0A	0.00059075119922493443
99649  	0.00059075119922493443
515    	0.00059075119922493443
T8351XA	0.00059075119922493443
99762  	0.00059075119922493443
56985  	0.00059075119922493443
57420  	0.00059075119922493443
3320   	0.00059075119922493443
4439   	0.00059075119922493443
R079   	0.00056712115125593705
V5849  	0.00056712115125593705
S72141A	0.00056712115125593705
85220  	0.00056712115125593705
99883  	0.00056712115125593705
55010  	0.00056712115125593705
3383   	0.00056712115125593705
4389   	0.00056712115125593705
1985   	0.00056712115125593705
8244   	0.00056712115125593705
490    	0.00056712115125593705
4821   	0.00056712115125593705
73027  	0.00054349110328693967
81200  	0.00054349110328693967
4552   	0.00054349110328693967
F319   	0.00054349110328693967
44023  	0.00054349110328693967
K921   	0.00054349110328693967
1830   	0.00054349110328693967
99812  	0.00054349110328693967
D62    	0.00054349110328693967
29644  	0.00054349110328693967
1820   	0.00054349110328693967
2760   	0.00054349110328693967
8052   	0.00054349110328693967
40390  	0.00051986105531794230
51883  	0.00051986105531794230
V5419  	0.00051986105531794230
1534   	0.00051986105531794230
7140   	0.00051986105531794230
I6521  	0.00051986105531794230
44422  	0.00051986105531794230
34839  	0.00051986105531794230
E875   	0.00051986105531794230
2948   	0.00051986105531794230
20300  	0.00051986105531794230
1536   	0.00051986105531794230
F10239 	0.00051986105531794230
4270   	0.00049623100734894492
29620  	0.00049623100734894492
45829  	0.00049623100734894492
44022  	0.00049623100734894492
I4892  	0.00049623100734894492
99932  	0.00049623100734894492
25062  	0.00049623100734894492
7907   	0.00049623100734894492
430    	0.00049623100734894492
51181  	0.00049623100734894492
80502  	0.00049623100734894492
V4364  	0.00049623100734894492
K8000  	0.00049623100734894492
G9341  	0.00049623100734894492
1579   	0.00049623100734894492
4275   	0.00047260095937994754
03840  	0.00047260095937994754
03811  	0.00047260095937994754
A4101  	0.00047260095937994754
1976   	0.00047260095937994754
C61    	0.00047260095937994754
78720  	0.00047260095937994754
48242  	0.00047260095937994754
3453   	0.00047260095937994754
4870   	0.00047260095937994754
82101  	0.00047260095937994754
9961   	0.00047260095937994754
29650  	0.00047260095937994754
9951   	0.00047260095937994754
78009  	0.00044897091141095016
27542  	0.00044897091141095016
29690  	0.00044897091141095016
E11621 	0.00044897091141095016
4659   	0.00044897091141095016
29532  	0.00044897091141095016
28521  	0.00044897091141095016
78909  	0.00044897091141095016
1977   	0.00044897091141095016
Z4789  	0.00044897091141095016
4148   	0.00044897091141095016
56032  	0.00044897091141095016
S72002A	0.00044897091141095016
2449   	0.00044897091141095016
K859   	0.00044897091141095016
J90    	0.00044897091141095016
J449   	0.00044897091141095016
N186   	0.00042534086344195279
J9620  	0.00042534086344195279
I481   	0.00042534086344195279
73314  	0.00042534086344195279
33182  	0.00042534086344195279
78609  	0.00042534086344195279
M4316  	0.00042534086344195279
5939   	0.00042534086344195279
J9622  	0.00042534086344195279
78652  	0.00042534086344195279
99601  	0.00042534086344195279
82100  	0.00042534086344195279
F332   	0.00042534086344195279
7220   	0.00042534086344195279
340    	0.00042534086344195279
4871   	0.00042534086344195279
99677  	0.00042534086344195279
73342  	0.00042534086344195279
F200   	0.00042534086344195279
9694   	0.00042534086344195279
F259   	0.00042534086344195279
S72011A	0.00042534086344195279
V5889  	0.00042534086344195279
K5720  	0.00042534086344195279
03843  	0.00042534086344195279
V5489  	0.00042534086344195279
5691   	0.00042534086344195279
R5381  	0.00040171081547295541
1970   	0.00040171081547295541
1533   	0.00040171081547295541
25072  	0.00040171081547295541
V5873  	0.00040171081547295541
4111   	0.00040171081547295541
J159   	0.00040171081547295541
03819  	0.00040171081547295541
1541   	0.00040171081547295541
29040  	0.00040171081547295541
I132   	0.00040171081547295541
07999  	0.00040171081547295541
34510  	0.00040171081547295541
99661  	0.00040171081547295541
71945  	0.00040171081547295541
6824   	0.00040171081547295541
I951   	0.00040171081547295541
99667  	0.00040171081547295541
K5732  	0.00040171081547295541
79902  	0.00040171081547295541
0388   	0.00040171081547295541
5400   	0.00040171081547295541
Z4889  	0.00040171081547295541
I472   	0.00040171081547295541
2252   	0.00040171081547295541
I5031  	0.00037808076750395803
81209  	0.00037808076750395803
J209   	0.00037808076750395803
85201  	0.00037808076750395803
7823   	0.00037808076750395803
78605  	0.00037808076750395803
99668  	0.00037808076750395803
2900   	0.00037808076750395803
7840   	0.00037808076750395803
56213  	0.00037808076750395803
8246   	0.00037808076750395803
4254   	0.00037808076750395803
40301  	0.00037808076750395803
E8770  	0.00037808076750395803
7282   	0.00037808076750395803
70707  	0.00037808076750395803
I6522  	0.00037808076750395803
4239   	0.00037808076750395803
5409   	0.00037808076750395803
R001   	0.00037808076750395803
41090  	0.00037808076750395803
S72142A	0.00037808076750395803
95901  	0.00037808076750395803
42832  	0.00037808076750395803
G20    	0.00037808076750395803
S72012A	0.00037808076750395803
481    	0.00037808076750395803
43820  	0.00037808076750395803
96509  	0.00037808076750395803
1539   	0.00037808076750395803
6185   	0.00035445071953496066
99644  	0.00035445071953496066
43401  	0.00035445071953496066
I2119  	0.00035445071953496066
45981  	0.00035445071953496066
F329   	0.00035445071953496066
6825   	0.00035445071953496066
5602   	0.00035445071953496066
38611  	0.00035445071953496066
F0391  	0.00035445071953496066
G9340  	0.00035445071953496066
E6601  	0.00035445071953496066
E1165  	0.00035445071953496066
8056   	0.00035445071953496066
I129   	0.00035445071953496066
0382   	0.00035445071953496066
99832  	0.00035445071953496066
6184   	0.00035445071953496066
I2109  	0.00035445071953496066
7245   	0.00035445071953496066
42613  	0.00035445071953496066
29574  	0.00035445071953496066
K254   	0.00035445071953496066
6829   	0.00035445071953496066
I25119 	0.00035445071953496066
I638   	0.00035445071953496066
40493  	0.00035445071953496066
M6282  	0.00035445071953496066
I5021  	0.00035445071953496066
7847   	0.00033082067156596328
4373   	0.00033082067156596328
N401   	0.00033082067156596328
E1010  	0.00033082067156596328
27401  	0.00033082067156596328
R569   	0.00033082067156596328
79092  	0.00033082067156596328
72989  	0.00033082067156596328
99604  	0.00033082067156596328
9972   	0.00033082067156596328
59970  	0.00033082067156596328
29640  	0.00033082067156596328
82020  	0.00033082067156596328
8080   	0.00033082067156596328
I6340  	0.00033082067156596328
51851  	0.00033082067156596328
E1310  	0.00033082067156596328
7224   	0.00033082067156596328
8600   	0.00033082067156596328
S72001A	0.00033082067156596328
29411  	0.00033082067156596328
0090   	0.00033082067156596328
42841  	0.00033082067156596328
4941   	0.00033082067156596328
81201  	0.00033082067156596328
5768   	0.00033082067156596328
25022  	0.00033082067156596328
55220  	0.00030719062359696590
A4102  	0.00030719062359696590
5762   	0.00030719062359696590
20280  	0.00030719062359696590
53541  	0.00030719062359696590
28529  	0.00030719062359696590
3962   	0.00030719062359696590
42822  	0.00030719062359696590
20500  	0.00030719062359696590
N170   	0.00030719062359696590
G35    	0.00030719062359696590
920    	0.00030719062359696590
80703  	0.00030719062359696590
I442   	0.00030719062359696590
1540   	0.00030719062359696590
C7931  	0.00030719062359696590
29653  	0.00030719062359696590
G40909 	0.00030719062359696590
E1152  	0.00030719062359696590
5168   	0.00030719062359696590
T827XXA	0.00030719062359696590
73382  	0.00030719062359696590
45382  	0.00030719062359696590
591    	0.00030719062359696590
5959   	0.00030719062359696590
99665  	0.00030719062359696590
J156   	0.00030719062359696590
5761   	0.00030719062359696590
1519   	0.00030719062359696590
1531   	0.00030719062359696590
V5409  	0.00030719062359696590
N132   	0.00030719062359696590
V579   	0.00030719062359696590
68110  	0.00030719062359696590
1748   	0.00030719062359696590
99931  	0.00030719062359696590
8248   	0.00030719062359696590
D509   	0.00030719062359696590
586    	0.00030719062359696590
51289  	0.00028356057562796852
7866   	0.00028356057562796852
D649   	0.00028356057562796852
4210   	0.00028356057562796852
K5669  	0.00028356057562796852
68100  	0.00028356057562796852
7244   	0.00028356057562796852
29632  	0.00028356057562796852
R262   	0.00028356057562796852
C3412  	0.00028356057562796852
L03114 	0.00028356057562796852
G92    	0.00028356057562796852
78906  	0.00028356057562796852
41021  	0.00028356057562796852
28411  	0.00028356057562796852
4329   	0.00028356057562796852
4289   	0.00028356057562796852
19889  	0.00028356057562796852
5363   	0.00028356057562796852
41070  	0.00028356057562796852
43821  	0.00028356057562796852
9962   	0.00028356057562796852
72992  	0.00028356057562796852
4139   	0.00028356057562796852
570    	0.00028356057562796852
53500  	0.00028356057562796852
F29    	0.00028356057562796852
I213   	0.00028356057562796852
42741  	0.00028356057562796852
485    	0.00028356057562796852
I714   	0.00025993052765897115
A4150  	0.00025993052765897115
8220   	0.00025993052765897115
1510   	0.00025993052765897115
9975   	0.00025993052765897115
R112   	0.00025993052765897115
78901  	0.00025993052765897115
5712   	0.00025993052765897115
53021  	0.00025993052765897115
5950   	0.00025993052765897115
V5721  	0.00025993052765897115
V552   	0.00025993052765897115
2853   	0.00025993052765897115
28419  	0.00025993052765897115
71591  	0.00025993052765897115
Z4781  	0.00025993052765897115
S72142D	0.00025993052765897115
E876   	0.00025993052765897115
1628   	0.00025993052765897115
K625   	0.00025993052765897115
5859   	0.00025993052765897115
28860  	0.00025993052765897115
82000  	0.00025993052765897115
I482   	0.00025993052765897115
72633  	0.00025993052765897115
5121   	0.00025993052765897115
23875  	0.00025993052765897115
0383   	0.00025993052765897115
53019  	0.00025993052765897115
41511  	0.00025993052765897115
I69351 	0.00023630047968997377
5401   	0.00023630047968997377
5961   	0.00023630047968997377
M19012 	0.00023630047968997377
55320  	0.00023630047968997377
5362   	0.00023630047968997377
A09    	0.00023630047968997377
4412   	0.00023630047968997377
43882  	0.00023630047968997377
V553   	0.00023630047968997377
53642  	0.00023630047968997377
S72001D	0.00023630047968997377
Z48812 	0.00023630047968997377
25042  	0.00023630047968997377
40300  	0.00023630047968997377
M4712  	0.00023630047968997377
I63412 	0.00023630047968997377
99813  	0.00023630047968997377
40401  	0.00023630047968997377
71509  	0.00023630047968997377
73007  	0.00023630047968997377
I739   	0.00023630047968997377
5960   	0.00023630047968997377
71106  	0.00023630047968997377
A4189  	0.00023630047968997377
5641   	0.00023630047968997377
6183   	0.00023630047968997377
73028  	0.00023630047968997377
5307   	0.00023630047968997377
1919   	0.00023630047968997377
1550   	0.00023630047968997377
4372   	0.00023630047968997377
56210  	0.00023630047968997377
70705  	0.00023630047968997377
4358   	0.00023630047968997377
M4802  	0.00023630047968997377
K5521  	0.00023630047968997377
5521   	0.00023630047968997377
R7881  	0.00023630047968997377
34580  	0.00023630047968997377
5523   	0.00023630047968997377
M19011 	0.00023630047968997377
193    	0.00023630047968997377
E222   	0.00023630047968997377
82123  	0.00023630047968997377
K352   	0.00023630047968997377
K7290  	0.00023630047968997377
99684  	0.00023630047968997377
56981  	0.00021267043172097639
6202   	0.00021267043172097639
220    	0.00021267043172097639
4928   	0.00021267043172097639
5528   	0.00021267043172097639
K648   	0.00021267043172097639
29654  	0.00021267043172097639
29623  	0.00021267043172097639
0539   	0.00021267043172097639
72283  	0.00021267043172097639
1911   	0.00021267043172097639
42820  	0.00021267043172097639
5272   	0.00021267043172097639
N10    	0.00021267043172097639
F315   	0.00021267043172097639
44020  	0.00021267043172097639
78552  	0.00021267043172097639
E1169  	0.00021267043172097639
53190  	0.00021267043172097639
5303   	0.00021267043172097639
M869   	0.00021267043172097639
99669  	0.00021267043172097639
49320  	0.00021267043172097639
7100   	0.00021267043172097639
I5030  	0.00021267043172097639
43822  	0.00021267043172097639
25040  	0.00021267043172097639
73315  	0.00021267043172097639
I82412 	0.00021267043172097639
81342  	0.00021267043172097639
S2241XA	0.00021267043172097639
99678  	0.00021267043172097639
29689  	0.00021267043172097639
53540  	0.00021267043172097639
V5416  	0.00021267043172097639
42983  	0.00021267043172097639
566    	0.00021267043172097639
33819  	0.00021267043172097639
6084   	0.00021267043172097639
S066X0A	0.00021267043172097639
82003  	0.00021267043172097639
E11649 	0.00021267043172097639
K567   	0.00021267043172097639
I471   	0.00021267043172097639
Z5111  	0.00021267043172097639
R6521  	0.00021267043172097639
5566   	0.00021267043172097639
R509   	0.00021267043172097639
I63511 	0.00021267043172097639
C3431  	0.00021267043172097639
20410  	0.00021267043172097639
6930   	0.00021267043172097639
4168   	0.00021267043172097639
96500  	0.00021267043172097639
D5700  	0.00021267043172097639
K264   	0.00018904038375197902
F314   	0.00018904038375197902
72293  	0.00018904038375197902
85200  	0.00018904038375197902
2875   	0.00018904038375197902
K449   	0.00018904038375197902
I313   	0.00018904038375197902
K5733  	0.00018904038375197902
Z9181  	0.00018904038375197902
29041  	0.00018904038375197902
I712   	0.00018904038375197902
56722  	0.00018904038375197902
T82868A	0.00018904038375197902
1570   	0.00018904038375197902
C7951  	0.00018904038375197902
57511  	0.00018904038375197902
8404   	0.00018904038375197902
R109   	0.00018904038375197902
I959   	0.00018904038375197902
78702  	0.00018904038375197902
56983  	0.00018904038375197902
34550  	0.00018904038375197902
71511  	0.00018904038375197902
82302  	0.00018904038375197902
99646  	0.00018904038375197902
V5417  	0.00018904038375197902
03810  	0.00018904038375197902
D500   	0.00018904038375197902
60000  	0.00018904038375197902
K2970  	0.00018904038375197902
71696  	0.00018904038375197902
M5116  	0.00018904038375197902
28803  	0.00018904038375197902
9971   	0.00018904038375197902
J45901 	0.00018904038375197902
C3490  	0.00018904038375197902
6110   	0.00018904038375197902
28731  	0.00018904038375197902
81344  	0.00018904038375197902
N3000  	0.00018904038375197902
78722  	0.00018904038375197902
82322  	0.00018904038375197902
92401  	0.00018904038375197902
2639   	0.00018904038375197902
41001  	0.00018904038375197902
4422   	0.00018904038375197902
2830   	0.00018904038375197902
J9602  	0.00018904038375197902
82120  	0.00018904038375197902
A4152  	0.00018904038375197902
C220   	0.00018904038375197902
5184   	0.00018904038375197902
80501  	0.00018904038375197902
11284  	0.00018904038375197902
75612  	0.00018904038375197902
5370   	0.00018904038375197902
56723  	0.00018904038375197902
9654   	0.00018904038375197902
29624  	0.00018904038375197902
K8590  	0.00018904038375197902
C641   	0.00018904038375197902
2512   	0.00018904038375197902
51189  	0.00018904038375197902
7820   	0.00018904038375197902
07071  	0.00018904038375197902
C180   	0.00018904038375197902
7234   	0.00018904038375197902
C182   	0.00018904038375197902
K432   	0.00018904038375197902
4558   	0.00018904038375197902
I340   	0.00018904038375197902
7336   	0.00018904038375197902
1122   	0.00018904038375197902
99682  	0.00018904038375197902
57460  	0.00018904038375197902
82300  	0.00018904038375197902
F0390  	0.00018904038375197902
29562  	0.00018904038375197902
C9000  	0.00018904038375197902
7813   	0.00018904038375197902
V5843  	0.00018904038375197902
56881  	0.00016541033578298164
99769  	0.00016541033578298164
27650  	0.00016541033578298164
99639  	0.00016541033578298164
S270XXA	0.00016541033578298164
85300  	0.00016541033578298164
71537  	0.00016541033578298164
42090  	0.00016541033578298164
I25118 	0.00016541033578298164
I160   	0.00016541033578298164
8670   	0.00016541033578298164
F339   	0.00016541033578298164
30000  	0.00016541033578298164
R42    	0.00016541033578298164
70704  	0.00016541033578298164
56962  	0.00016541033578298164
T8579XA	0.00016541033578298164
49120  	0.00016541033578298164
34889  	0.00016541033578298164
9351   	0.00016541033578298164
J9610  	0.00016541033578298164
9070   	0.00016541033578298164
7291   	0.00016541033578298164
53150  	0.00016541033578298164
5559   	0.00016541033578298164
V5875  	0.00016541033578298164
V5842  	0.00016541033578298164
K851   	0.00016541033578298164
51631  	0.00016541033578298164
V560   	0.00016541033578298164
6271   	0.00016541033578298164
E1100  	0.00016541033578298164
27652  	0.00016541033578298164
49321  	0.00016541033578298164
S065X9A	0.00016541033578298164
A084   	0.00016541033578298164
9986   	0.00016541033578298164
S72141D	0.00016541033578298164
I629   	0.00016541033578298164
85301  	0.00016541033578298164
3314   	0.00016541033578298164
28489  	0.00016541033578298164
25541  	0.00016541033578298164
99602  	0.00016541033578298164
K810   	0.00016541033578298164
82382  	0.00016541033578298164
78903  	0.00016541033578298164
M545   	0.00016541033578298164
1622   	0.00016541033578298164
B349   	0.00016541033578298164
72400  	0.00016541033578298164
34690  	0.00016541033578298164
V551   	0.00016541033578298164
V441   	0.00016541033578298164
C3411  	0.00016541033578298164
57490  	0.00016541033578298164
G7281  	0.00016541033578298164
29020  	0.00016541033578298164
70709  	0.00016541033578298164
I69951 	0.00016541033578298164
70715  	0.00016541033578298164
72610  	0.00016541033578298164
65421  	0.00016541033578298164
I6523  	0.00016541033578298164
I2111  	0.00016541033578298164
29660  	0.00016541033578298164
4370   	0.00016541033578298164
K559   	0.00016541033578298164
5130   	0.00016541033578298164
7854   	0.00016541033578298164
1888   	0.00016541033578298164
8088   	0.00016541033578298164
T83518A	0.00016541033578298164
73311  	0.00014178028781398426
1913   	0.00014178028781398426
D709   	0.00014178028781398426
3379   	0.00014178028781398426
4401   	0.00014178028781398426
514    	0.00014178028781398426
C3432  	0.00014178028781398426
S32592A	0.00014178028781398426
G9349  	0.00014178028781398426
K920   	0.00014178028781398426
I63512 	0.00014178028781398426
57470  	0.00014178028781398426
K5641  	0.00014178028781398426
78907  	0.00014178028781398426
4149   	0.00014178028781398426
80705  	0.00014178028781398426
C259   	0.00014178028781398426
135    	0.00014178028781398426
8209   	0.00014178028781398426
1530   	0.00014178028781398426
5571   	0.00014178028781398426
C679   	0.00014178028781398426
53010  	0.00014178028781398426
3331   	0.00014178028781398426
99831  	0.00014178028781398426
B20    	0.00014178028781398426
56989  	0.00014178028781398426
56889  	0.00014178028781398426
81341  	0.00014178028781398426
C189   	0.00014178028781398426
53551  	0.00014178028781398426
Z432   	0.00014178028781398426
I5032  	0.00014178028781398426
V4975  	0.00014178028781398426
2411   	0.00014178028781398426
K831   	0.00014178028781398426
8500   	0.00014178028781398426
K5791  	0.00014178028781398426
99671  	0.00014178028781398426
80701  	0.00014178028781398426
M160   	0.00014178028781398426
1744   	0.00014178028781398426
59582  	0.00014178028781398426
I619   	0.00014178028781398426
6262   	0.00014178028781398426
2749   	0.00014178028781398426
K5900  	0.00014178028781398426
73025  	0.00014178028781398426
41081  	0.00014178028781398426
78651  	0.00014178028781398426
99683  	0.00014178028781398426
A401   	0.00014178028781398426
G893   	0.00014178028781398426
5368   	0.00014178028781398426
71691  	0.00014178028781398426
53250  	0.00014178028781398426
I5020  	0.00014178028781398426
V589   	0.00014178028781398426
1518   	0.00014178028781398426
55229  	0.00014178028781398426
1892   	0.00014178028781398426
G40901 	0.00014178028781398426
28522  	0.00014178028781398426
K7031  	0.00014178028781398426
I674   	0.00014178028781398426
C3491  	0.00014178028781398426
30011  	0.00014178028781398426
4809   	0.00014178028781398426
57461  	0.00014178028781398426
6828   	0.00014178028781398426
I872   	0.00014178028781398426
I5041  	0.00014178028781398426
1891   	0.00014178028781398426
80702  	0.00014178028781398426
99590  	0.00014178028781398426
F0151  	0.00014178028781398426
9982   	0.00014178028781398426
F3181  	0.00014178028781398426
5728   	0.00014178028781398426
49390  	0.00014178028781398426
07044  	0.00014178028781398426
F312   	0.00014178028781398426
A4181  	0.00014178028781398426
2858   	0.00014178028781398426
T80211A	0.00014178028781398426
5305   	0.00014178028781398426
5109   	0.00014178028781398426
2390   	0.00014178028781398426
E1143  	0.00014178028781398426
25081  	0.00014178028781398426
R1310  	0.00014178028781398426
Z48815 	0.00014178028781398426
F209   	0.00014178028781398426
56409  	0.00014178028781398426
5853   	0.00014178028781398426
99851  	0.00014178028781398426
9974   	0.00014178028781398426
41404  	0.00014178028781398426
V573   	0.00014178028781398426
57512  	0.00014178028781398426
H8110  	0.00014178028781398426
C786   	0.00014178028781398426
I618   	0.00014178028781398426
29043  	0.00014178028781398426
25061  	0.00014178028781398426
I611   	0.00014178028781398426
1175   	0.00014178028781398426
35801  	0.00014178028781398426
55011  	0.00014178028781398426
7850   	0.00011815023984498689
5778   	0.00011815023984498689
C20    	0.00011815023984498689
1984   	0.00011815023984498689
4822   	0.00011815023984498689
57451  	0.00011815023984498689
R0600  	0.00011815023984498689
K430   	0.00011815023984498689
1562   	0.00011815023984498689
N136   	0.00011815023984498689
78630  	0.00011815023984498689
78959  	0.00011815023984498689
2271   	0.00011815023984498689
L0390  	0.00011815023984498689
55200  	0.00011815023984498689
57431  	0.00011815023984498689
78904  	0.00011815023984498689
1551   	0.00011815023984498689
1912   	0.00011815023984498689
86804  	0.00011815023984498689
2724   	0.00011815023984498689
5771   	0.00011815023984498689
4465   	0.00011815023984498689
I70213 	0.00011815023984498689
53390  	0.00011815023984498689
6256   	0.00011815023984498689
I330   	0.00011815023984498689
29042  	0.00011815023984498689
53649  	0.00011815023984498689
K623   	0.00011815023984498689
4471   	0.00011815023984498689
Z96651 	0.00011815023984498689
V5423  	0.00011815023984498689
33811  	0.00011815023984498689
A4159  	0.00011815023984498689
M84451A	0.00011815023984498689
9222   	0.00011815023984498689
I6350  	0.00011815023984498689
C187   	0.00011815023984498689
72740  	0.00011815023984498689
81240  	0.00011815023984498689
3960   	0.00011815023984498689
E1151  	0.00011815023984498689
9651   	0.00011815023984498689
20283  	0.00011815023984498689
K9422  	0.00011815023984498689
I63312 	0.00011815023984498689
M86171 	0.00011815023984498689
25001  	0.00011815023984498689
V549   	0.00011815023984498689
5569   	0.00011815023984498689
82525  	0.00011815023984498689
C541   	0.00011815023984498689
56949  	0.00011815023984498689
2381   	0.00011815023984498689
9623   	0.00011815023984498689
J181   	0.00011815023984498689
K31811 	0.00011815023984498689
L03113 	0.00011815023984498689
F1123  	0.00011815023984498689
24290  	0.00011815023984498689
80709  	0.00011815023984498689
27702  	0.00011815023984498689
73020  	0.00011815023984498689
25083  	0.00011815023984498689
8910   	0.00011815023984498689
I63411 	0.00011815023984498689
R627   	0.00011815023984498689
J849   	0.00011815023984498689
53290  	0.00011815023984498689
96909  	0.00011815023984498689
27739  	0.00011815023984498689
8911   	0.00011815023984498689
72761  	0.00011815023984498689
I69398 	0.00011815023984498689
K210   	0.00011815023984498689
29664  	0.00011815023984498689
N9989  	0.00011815023984498689
73341  	0.00011815023984498689
29410  	0.00011815023984498689
R1312  	0.00011815023984498689
51909  	0.00011815023984498689
43330  	0.00011815023984498689
5225   	0.00011815023984498689
C19    	0.00011815023984498689
38612  	0.00011815023984498689
9779   	0.00011815023984498689
T8454XA	0.00011815023984498689
1509   	0.00011815023984498689
85222  	0.00011815023984498689
60490  	0.00011815023984498689
85011  	0.00011815023984498689
2312   	0.00011815023984498689
73319  	0.00011815023984498689
72273  	0.00011815023984498689
81241  	0.00011815023984498689
V5415  	0.00011815023984498689
V5332  	0.00011815023984498689
38630  	0.00011815023984498689
4413   	0.00011815023984498689
E8352  	0.00011815023984498689
F3164  	0.00011815023984498689
57510  	0.00011815023984498689
K521   	0.00011815023984498689
48282  	0.00011815023984498689
I82411 	0.00011815023984498689
1532   	0.00011815023984498689
I6200  	0.00011815023984498689
99679  	0.00011815023984498689
71946  	0.00011815023984498689
725    	0.00011815023984498689
53200  	0.00011815023984498689
M5136  	0.00011815023984498689
F10231 	0.00011815023984498689
73017  	0.00011815023984498689
N2889  	0.00011815023984498689
4590   	0.00011815023984498689
33818  	0.00011815023984498689
F333   	0.00011815023984498689
6191   	0.00011815023984498689
1882   	0.00011815023984498689
3330   	0.00011815023984498689
4011   	0.00011815023984498689
262    	0.00011815023984498689
44389  	0.00011815023984498689
4279   	0.00011815023984498689
99739  	0.00011815023984498689
K8012  	0.00011815023984498689
71525  	0.00011815023984498689
L89154 	0.00011815023984498689
M80051A	0.00011815023984498689
9221   	0.00011815023984498689
8730   	0.00011815023984498689
I080   	0.00011815023984498689
7265   	0.00011815023984498689
R188   	0.00011815023984498689
J9690  	0.00011815023984498689
99529  	0.00011815023984498689
9642   	0.000094520191875989508259
7295   	0.000094520191875989508259
K649   	0.000094520191875989508259
K562   	0.000094520191875989508259
K50012 	0.000094520191875989508259
J1000  	0.000094520191875989508259
K440   	0.000094520191875989508259
T8619  	0.000094520191875989508259
K219   	0.000094520191875989508259
99657  	0.000094520191875989508259
3480   	0.000094520191875989508259
K436   	0.000094520191875989508259
V5412  	0.000094520191875989508259
M868X7 	0.000094520191875989508259
F10229 	0.000094520191875989508259
34540  	0.000094520191875989508259
G458   	0.000094520191875989508259
T82857A	0.000094520191875989508259
K3580  	0.000094520191875989508259
7862   	0.000094520191875989508259
20972  	0.000094520191875989508259
38010  	0.000094520191875989508259
7464   	0.000094520191875989508259
2396   	0.000094520191875989508259
I249   	0.000094520191875989508259
41051  	0.000094520191875989508259
5306   	0.000094520191875989508259
R197   	0.000094520191875989508259
2930   	0.000094520191875989508259
K7200  	0.000094520191875989508259
G3183  	0.000094520191875989508259
85181  	0.000094520191875989508259
S7222XA	0.000094520191875989508259
4571   	0.000094520191875989508259
T8611  	0.000094520191875989508259
K5792  	0.000094520191875989508259
1580   	0.000094520191875989508259
4379   	0.000094520191875989508259
S72011D	0.000094520191875989508259
4423   	0.000094520191875989508259
20282  	0.000094520191875989508259
5967   	0.000094520191875989508259
M549   	0.000094520191875989508259
K047   	0.000094520191875989508259
0031   	0.000094520191875989508259
45119  	0.000094520191875989508259
T84032A	0.000094520191875989508259
7231   	0.000094520191875989508259
53501  	0.000094520191875989508259
I222   	0.000094520191875989508259
2967   	0.000094520191875989508259
60784  	0.000094520191875989508259
V4501  	0.000094520191875989508259
4820   	0.000094520191875989508259
K8050  	0.000094520191875989508259
J188   	0.000094520191875989508259
I469   	0.000094520191875989508259
I724   	0.000094520191875989508259
T84021A	0.000094520191875989508259
S72002D	0.000094520191875989508259
4380   	0.000094520191875989508259
T50901A	0.000094520191875989508259
43301  	0.000094520191875989508259
3332   	0.000094520191875989508259
07070  	0.000094520191875989508259
40403  	0.000094520191875989508259
4920   	0.000094520191875989508259
53440  	0.000094520191875989508259
99676  	0.000094520191875989508259
3004   	0.000094520191875989508259
71500  	0.000094520191875989508259
T83511A	0.000094520191875989508259
41031  	0.000094520191875989508259
4568   	0.000094520191875989508259
R270   	0.000094520191875989508259
51882  	0.000094520191875989508259
80708  	0.000094520191875989508259
L7621  	0.000094520191875989508259
J168   	0.000094520191875989508259
C719   	0.000094520191875989508259
5699   	0.000094520191875989508259
44029  	0.000094520191875989508259
T8743  	0.000094520191875989508259
S2242XA	0.000094520191875989508259
R296   	0.000094520191875989508259
80704  	0.000094520191875989508259
J180   	0.000094520191875989508259
4808   	0.000094520191875989508259
72141  	0.000094520191875989508259
Z433   	0.000094520191875989508259
25020  	0.000094520191875989508259
4470   	0.000094520191875989508259
F3160  	0.000094520191875989508259
51889  	0.000094520191875989508259
G7289  	0.000094520191875989508259
58881  	0.000094520191875989508259
K226   	0.000094520191875989508259
99659  	0.000094520191875989508259
87342  	0.000094520191875989508259
M4854XA	0.000094520191875989508259
33829  	0.000094520191875989508259
42612  	0.000094520191875989508259
2273   	0.000094520191875989508259
I743   	0.000094520191875989508259
9658   	0.000094520191875989508259
1124   	0.000094520191875989508259
6821   	0.000094520191875989508259
K550   	0.000094520191875989508259
T424X2A	0.000094520191875989508259
4739   	0.000094520191875989508259
7851   	0.000094520191875989508259
C169   	0.000094520191875989508259
73730  	0.000094520191875989508259
T402X1A	0.000094520191875989508259
27803  	0.000094520191875989508259
S22089A	0.000094520191875989508259
78820  	0.000094520191875989508259
7246   	0.000094520191875989508259
5758   	0.000094520191875989508259
R269   	0.000094520191875989508259
2189   	0.000094520191875989508259
99889  	0.000094520191875989508259
4838   	0.000094520191875989508259
V5411  	0.000094520191875989508259
1974   	0.000094520191875989508259
8448   	0.000094520191875989508259
48882  	0.000094520191875989508259
81220  	0.000094520191875989508259
78451  	0.000094520191875989508259
2971   	0.000094520191875989508259
C7800  	0.000094520191875989508259
V5331  	0.000094520191875989508259
5581   	0.000094520191875989508259
4619   	0.000094520191875989508259
82121  	0.000094520191875989508259
81221  	0.000094520191875989508259
Z4733  	0.000094520191875989508259
G8918  	0.000094520191875989508259
73300  	0.000094520191875989508259
78721  	0.000094520191875989508259
5550   	0.000094520191875989508259
T8453XA	0.000094520191875989508259
J9691  	0.000094520191875989508259
I70222 	0.000094520191875989508259
4940   	0.000094520191875989508259
73008  	0.000094520191875989508259
8020   	0.000094520191875989508259
S72451A	0.000094520191875989508259
85202  	0.000094520191875989508259
2819   	0.000094520191875989508259
82002  	0.000094520191875989508259
61804  	0.000094520191875989508259
K8042  	0.000094520191875989508259
1884   	0.000094520191875989508259
5738   	0.000094520191875989508259
1624   	0.000094520191875989508259
I25111 	0.000094520191875989508259
8058   	0.000094520191875989508259
T82898A	0.000094520191875989508259
2330   	0.000094520191875989508259
C7989  	0.000094520191875989508259
K4030  	0.000094520191875989508259
40290  	0.000094520191875989508259
03844  	0.000094520191875989508259
23872  	0.000094520191875989508259
R040   	0.000094520191875989508259
S42292A	0.000094520191875989508259
S82852A	0.000094520191875989508259
M25551 	0.000094520191875989508259
A414   	0.000094520191875989508259
Z483   	0.000094520191875989508259
Z96642 	0.000094520191875989508259
80700  	0.000094520191875989508259
D469   	0.000094520191875989508259
3501   	0.000094520191875989508259
35781  	0.000094520191875989508259
20502  	0.000094520191875989508259
K560   	0.000094520191875989508259
53789  	0.000094520191875989508259
L02415 	0.000094520191875989508259
73739  	0.000094520191875989508259
4555   	0.000094520191875989508259
1844   	0.000094520191875989508259
5723   	0.000094520191875989508259
S82892D	0.000094520191875989508259
9678   	0.000094520191875989508259
99731  	0.000094520191875989508259
56039  	0.000094520191875989508259
T8484XA	0.000094520191875989508259
G912   	0.000094520191875989508259
R042   	0.000094520191875989508259
I5022  	0.000094520191875989508259
T8489XA	0.000094520191875989508259
S7291XD	0.000094520191875989508259
57430  	0.000094520191875989508259
G40409 	0.000094520191875989508259
I824Z2 	0.000094520191875989508259
8921   	0.000094520191875989508259
59654  	0.000094520191875989508259
F0281  	0.000094520191875989508259
4150   	0.000094520191875989508259
05319  	0.000094520191875989508259
N823   	0.000094520191875989508259
53082  	0.000094520191875989508259
6182   	0.000094520191875989508259
D61810 	0.000094520191875989508259
25200  	0.000094520191875989508259
K439   	0.000094520191875989508259
J40    	0.000094520191875989508259
J101   	0.000094520191875989508259
T8131XA	0.000094520191875989508259
1960   	0.000094520191875989508259
0785   	0.000094520191875989508259
N3090  	0.000094520191875989508259
7249   	0.000070890143906992131194
I82621 	0.000070890143906992131194
J80    	0.000070890143906992131194
F3130  	0.000070890143906992131194
1975   	0.000070890143906992131194
5779   	0.000070890143906992131194
D61818 	0.000070890143906992131194
T84031A	0.000070890143906992131194
C9200  	0.000070890143906992131194
K5090  	0.000070890143906992131194
41092  	0.000070890143906992131194
2752   	0.000070890143906992131194
53089  	0.000070890143906992131194
I63541 	0.000070890143906992131194
82301  	0.000070890143906992131194
53909  	0.000070890143906992131194
N3001  	0.000070890143906992131194
34600  	0.000070890143906992131194
85206  	0.000070890143906992131194
2839   	0.000070890143906992131194
V5482  	0.000070890143906992131194
2409   	0.000070890143906992131194
S32019A	0.000070890143906992131194
F251   	0.000070890143906992131194
34551  	0.000070890143906992131194
71489  	0.000070890143906992131194
23873  	0.000070890143906992131194
F0150  	0.000070890143906992131194
T84063A	0.000070890143906992131194
M4626  	0.000070890143906992131194
5538   	0.000070890143906992131194
2706   	0.000070890143906992131194
1512   	0.000070890143906992131194
I70212 	0.000070890143906992131194
E1122  	0.000070890143906992131194
61183  	0.000070890143906992131194
I614   	0.000070890143906992131194
4510   	0.000070890143906992131194
7842   	0.000070890143906992131194
31234  	0.000070890143906992131194
1809   	0.000070890143906992131194
1914   	0.000070890143906992131194
M80852A	0.000070890143906992131194
78703  	0.000070890143906992131194
48802  	0.000070890143906992131194
E119   	0.000070890143906992131194
5551   	0.000070890143906992131194
5185   	0.000070890143906992131194
V667   	0.000070890143906992131194
V5414  	0.000070890143906992131194
K7469  	0.000070890143906992131194
5180   	0.000070890143906992131194
V4581  	0.000070890143906992131194
179    	0.000070890143906992131194
41405  	0.000070890143906992131194
4539   	0.000070890143906992131194
I083   	0.000070890143906992131194
1991   	0.000070890143906992131194
32382  	0.000070890143906992131194
G454   	0.000070890143906992131194
L03311 	0.000070890143906992131194
M84452A	0.000070890143906992131194
G4089  	0.000070890143906992131194
4162   	0.000070890143906992131194
71616  	0.000070890143906992131194
5529   	0.000070890143906992131194
5539   	0.000070890143906992131194
96502  	0.000070890143906992131194
59689  	0.000070890143906992131194
3313   	0.000070890143906992131194
64881  	0.000070890143906992131194
5772   	0.000070890143906992131194
5264   	0.000070890143906992131194
K420   	0.000070890143906992131194
30928  	0.000070890143906992131194
33520  	0.000070890143906992131194
I63422 	0.000070890143906992131194
5568   	0.000070890143906992131194
1505   	0.000070890143906992131194
G6181  	0.000070890143906992131194
1460   	0.000070890143906992131194
7824   	0.000070890143906992131194
82001  	0.000070890143906992131194
G7001  	0.000070890143906992131194
I63131 	0.000070890143906992131194
20930  	0.000070890143906992131194
73381  	0.000070890143906992131194
K222   	0.000070890143906992131194
44030  	0.000070890143906992131194
59381  	0.000070890143906992131194
L0231  	0.000070890143906992131194
1978   	0.000070890143906992131194
85225  	0.000070890143906992131194
1578   	0.000070890143906992131194
R571   	0.000070890143906992131194
N131   	0.000070890143906992131194
9679   	0.000070890143906992131194
30002  	0.000070890143906992131194
N492   	0.000070890143906992131194
A408   	0.000070890143906992131194
T8451XA	0.000070890143906992131194
L03012 	0.000070890143906992131194
I69959 	0.000070890143906992131194
S32810D	0.000070890143906992131194
25201  	0.000070890143906992131194
S3210XA	0.000070890143906992131194
1611   	0.000070890143906992131194
70713  	0.000070890143906992131194
80126  	0.000070890143906992131194
J9383  	0.000070890143906992131194
B029   	0.000070890143906992131194
5128   	0.000070890143906992131194
1538   	0.000070890143906992131194
3489   	0.000070890143906992131194
K353   	0.000070890143906992131194
D122   	0.000070890143906992131194
K269   	0.000070890143906992131194
8242   	0.000070890143906992131194
56489  	0.000070890143906992131194
53100  	0.000070890143906992131194
I6930  	0.000070890143906992131194
T8781  	0.000070890143906992131194
2762   	0.000070890143906992131194
K259   	0.000070890143906992131194
53989  	0.000070890143906992131194
4588   	0.000070890143906992131194
S0990XA	0.000070890143906992131194
3079   	0.000070890143906992131194
K9423  	0.000070890143906992131194
M960   	0.000070890143906992131194
8026   	0.000070890143906992131194
1548   	0.000070890143906992131194
S065X0D	0.000070890143906992131194
5695   	0.000070890143906992131194
9778   	0.000070890143906992131194
71916  	0.000070890143906992131194
A400   	0.000070890143906992131194
49391  	0.000070890143906992131194
8604   	0.000070890143906992131194
R918   	0.000070890143906992131194
3570   	0.000070890143906992131194
F05    	0.000070890143906992131194
7843   	0.000070890143906992131194
6010   	0.000070890143906992131194
99640  	0.000070890143906992131194
4550   	0.000070890143906992131194
T8452XA	0.000070890143906992131194
S060X0A	0.000070890143906992131194
2979   	0.000070890143906992131194
57471  	0.000070890143906992131194
1410   	0.000070890143906992131194
S066X9A	0.000070890143906992131194
37741  	0.000070890143906992131194
44481  	0.000070890143906992131194
53020  	0.000070890143906992131194
1961   	0.000070890143906992131194
F3163  	0.000070890143906992131194
K913   	0.000070890143906992131194
71589  	0.000070890143906992131194
I63531 	0.000070890143906992131194
M8458XA	0.000070890143906992131194
56982  	0.000070890143906992131194
T796XXA	0.000070890143906992131194
I2692  	0.000070890143906992131194
S82142D	0.000070890143906992131194
K5289  	0.000070890143906992131194
M80052A	0.000070890143906992131194
1572   	0.000070890143906992131194
5934   	0.000070890143906992131194
43331  	0.000070890143906992131194
2230   	0.000070890143906992131194
85186  	0.000070890143906992131194
5373   	0.000070890143906992131194
E8351  	0.000070890143906992131194
F10230 	0.000070890143906992131194
75312  	0.000070890143906992131194
K632   	0.000070890143906992131194
3229   	0.000070890143906992131194
6186   	0.000070890143906992131194
0310   	0.000070890143906992131194
85226  	0.000070890143906992131194
I82413 	0.000070890143906992131194
7062   	0.000070890143906992131194
K2900  	0.000070890143906992131194
K8020  	0.000070890143906992131194
K2211  	0.000070890143906992131194
T8571XA	0.000070890143906992131194
2781   	0.000070890143906992131194
I82402 	0.000070890143906992131194
A403   	0.000070890143906992131194
78033  	0.000070890143906992131194
08881  	0.000070890143906992131194
48881  	0.000070890143906992131194
C184   	0.000070890143906992131194
R0602  	0.000070890143906992131194
M4856XA	0.000070890143906992131194
99609  	0.000070890143906992131194
64843  	0.000070890143906992131194
M4722  	0.000070890143906992131194
I69391 	0.000070890143906992131194
T8744  	0.000070890143906992131194
2903   	0.000070890143906992131194
1972   	0.000070890143906992131194
K2901  	0.000070890143906992131194
29572  	0.000070890143906992131194
42490  	0.000070890143906992131194
I69251 	0.000070890143906992131194
70724  	0.000070890143906992131194
J15212 	0.000070890143906992131194
R0902  	0.000070890143906992131194
V5812  	0.000070890143906992131194
M4804  	0.000070890143906992131194
5941   	0.000070890143906992131194
29622  	0.000070890143906992131194
C782   	0.000070890143906992131194
34541  	0.000070890143906992131194
78760  	0.000070890143906992131194
5733   	0.000070890143906992131194
81381  	0.000070890143906992131194
64841  	0.000070890143906992131194
K598   	0.000070890143906992131194
D696   	0.000070890143906992131194
2303   	0.000070890143906992131194
M4317  	0.000070890143906992131194
78199  	0.000070890143906992131194
25092  	0.000070890143906992131194
55090  	0.000070890143906992131194
55012  	0.000070890143906992131194
I70261 	0.000070890143906992131194
2352   	0.000070890143906992131194
I2609  	0.000070890143906992131194
53340  	0.000070890143906992131194
3963   	0.000070890143906992131194
29663  	0.000070890143906992131194
M4716  	0.000070890143906992131194
56729  	0.000070890143906992131194
41513  	0.000070890143906992131194
80503  	0.000070890143906992131194
T82858A	0.000070890143906992131194
Z48811 	0.000070890143906992131194
53011  	0.000070890143906992131194
38610  	0.000070890143906992131194
70719  	0.000070890143906992131194
6173   	0.000070890143906992131194
M4326  	0.000070890143906992131194
M19071 	0.000070890143906992131194
D351   	0.000070890143906992131194
43884  	0.000070890143906992131194
81202  	0.000070890143906992131194
47819  	0.000070890143906992131194
2181   	0.000070890143906992131194
Z4732  	0.000070890143906992131194
04112  	0.000070890143906992131194
A412   	0.000070890143906992131194
20921  	0.000070890143906992131194
J698   	0.000070890143906992131194
V1251  	0.000070890143906992131194
5600   	0.000070890143906992131194
1561   	0.000070890143906992131194
7905   	0.000070890143906992131194
34500  	0.000070890143906992131194
C50912 	0.000070890143906992131194
78099  	0.000070890143906992131194
T424X1A	0.000070890143906992131194
V4976  	0.000070890143906992131194
V4589  	0.000070890143906992131194
25208  	0.000070890143906992131194
3569   	0.000070890143906992131194
71597  	0.000070890143906992131194
82380  	0.000070890143906992131194
S32010A	0.000070890143906992131194
C3492  	0.000070890143906992131194
N3041  	0.000070890143906992131194
I609   	0.000070890143906992131194
78551  	0.000070890143906992131194
40201  	0.000070890143906992131194
41072  	0.000070890143906992131194
K460   	0.000070890143906992131194
I671   	0.000070890143906992131194
85140  	0.000070890143906992131194
S32592D	0.000070890143906992131194
53784  	0.000070890143906992131194
S065X1A	0.000070890143906992131194
28242  	0.000070890143906992131194
N202   	0.000070890143906992131194
1589   	0.000070890143906992131194
K635   	0.000070890143906992131194
D6832  	0.000070890143906992131194
56941  	0.000070890143906992131194
57401  	0.000070890143906992131194
70710  	0.000070890143906992131194
Z89412 	0.000070890143906992131194
33183  	0.000070890143906992131194
I4901  	0.000070890143906992131194
51919  	0.000070890143906992131194
M4726  	0.000070890143906992131194
43490  	0.000070890143906992131194
7292   	0.000070890143906992131194
44421  	0.000070890143906992131194
1571   	0.000070890143906992131194
51853  	0.000070890143906992131194
N183   	0.000070890143906992131194
2869   	0.000070890143906992131194
K767   	0.000070890143906992131194
V550   	0.000070890143906992131194
3558   	0.000070890143906992131194
2630   	0.000070890143906992131194
1918   	0.000070890143906992131194
33392  	0.000070890143906992131194
F39    	0.000070890143906992131194
7960   	0.000070890143906992131194
I63442 	0.000070890143906992131194
I615   	0.000070890143906992131194
78062  	0.000070890143906992131194
27541  	0.000070890143906992131194
I70268 	0.000070890143906992131194
J151   	0.000070890143906992131194
71906  	0.000070890143906992131194
48230  	0.000070890143906992131194
80121  	0.000070890143906992131194
5718   	0.000070890143906992131194
92411  	0.000070890143906992131194
1537   	0.000070890143906992131194
S32511A	0.000070890143906992131194
42769  	0.000070890143906992131194
53641  	0.000070890143906992131194
42842  	0.000070890143906992131194
M961   	0.000070890143906992131194
M899   	0.000070890143906992131194
78902  	0.000070890143906992131194
K8010  	0.000070890143906992131194
2410   	0.000070890143906992131194
41189  	0.000070890143906992131194
T8132XA	0.000070890143906992131194
99830  	0.000070890143906992131194
R1013  	0.000047260095937994754129
62133  	0.000047260095937994754129
81301  	0.000047260095937994754129
70700  	0.000047260095937994754129
I6789  	0.000047260095937994754129
1543   	0.000047260095937994754129
9950   	0.000047260095937994754129
3129   	0.000047260095937994754129
7101   	0.000047260095937994754129
C3401  	0.000047260095937994754129
61801  	0.000047260095937994754129
S72009D	0.000047260095937994754129
R260   	0.000047260095937994754129
S82851A	0.000047260095937994754129
0940   	0.000047260095937994754129
48241  	0.000047260095937994754129
3659   	0.000047260095937994754129
Z96649 	0.000047260095937994754129
G451   	0.000047260095937994754129
K7460  	0.000047260095937994754129
20400  	0.000047260095937994754129
E870   	0.000047260095937994754129
0091   	0.000047260095937994754129
Z48816 	0.000047260095937994754129
1412   	0.000047260095937994754129
J9611  	0.000047260095937994754129
7906   	0.000047260095937994754129
N2581  	0.000047260095937994754129
S32401D	0.000047260095937994754129
S72145D	0.000047260095937994754129
I864   	0.000047260095937994754129
C159   	0.000047260095937994754129
82030  	0.000047260095937994754129
V561   	0.000047260095937994754129
J8410  	0.000047260095937994754129
K612   	0.000047260095937994754129
S72101A	0.000047260095937994754129
5198   	0.000047260095937994754129
I6359  	0.000047260095937994754129
99791  	0.000047260095937994754129
N764   	0.000047260095937994754129
C250   	0.000047260095937994754129
S32511D	0.000047260095937994754129
7919   	0.000047260095937994754129
J860   	0.000047260095937994754129
44103  	0.000047260095937994754129
C787   	0.000047260095937994754129
B3781  	0.000047260095937994754129
8249   	0.000047260095937994754129
R310   	0.000047260095937994754129
27549  	0.000047260095937994754129
T8459XA	0.000047260095937994754129
7202   	0.000047260095937994754129
9661   	0.000047260095937994754129
99643  	0.000047260095937994754129
4731   	0.000047260095937994754129
E11628 	0.000047260095937994754129
M4186  	0.000047260095937994754129
G720   	0.000047260095937994754129
59969  	0.000047260095937994754129
C494   	0.000047260095937994754129
I5040  	0.000047260095937994754129
E840   	0.000047260095937994754129
25023  	0.000047260095937994754129
M5001  	0.000047260095937994754129
72211  	0.000047260095937994754129
T670XXA	0.000047260095937994754129
5110   	0.000047260095937994754129
S72452A	0.000047260095937994754129
35800  	0.000047260095937994754129
43811  	0.000047260095937994754129
4299   	0.000047260095937994754129
M4800  	0.000047260095937994754129
I82622 	0.000047260095937994754129
71615  	0.000047260095937994754129
80021  	0.000047260095937994754129
S32009D	0.000047260095937994754129
M868X8 	0.000047260095937994754129
C119   	0.000047260095937994754129
D494   	0.000047260095937994754129
K9189  	0.000047260095937994754129
G809   	0.000047260095937994754129
34591  	0.000047260095937994754129
4618   	0.000047260095937994754129
9583   	0.000047260095937994754129
74722  	0.000047260095937994754129
9916   	0.000047260095937994754129
4830   	0.000047260095937994754129
T402X4A	0.000047260095937994754129
4294   	0.000047260095937994754129
25073  	0.000047260095937994754129
72885  	0.000047260095937994754129
H81399 	0.000047260095937994754129
47875  	0.000047260095937994754129
42840  	0.000047260095937994754129
8710   	0.000047260095937994754129
8972   	0.000047260095937994754129
E662   	0.000047260095937994754129
D591   	0.000047260095937994754129
64893  	0.000047260095937994754129
30781  	0.000047260095937994754129
78832  	0.000047260095937994754129
K8500  	0.000047260095937994754129
M5012  	0.000047260095937994754129
L7682  	0.000047260095937994754129
K4020  	0.000047260095937994754129
29383  	0.000047260095937994754129
N9971  	0.000047260095937994754129
K122   	0.000047260095937994754129
37601  	0.000047260095937994754129
65221  	0.000047260095937994754129
3540   	0.000047260095937994754129
71598  	0.000047260095937994754129
M25462 	0.000047260095937994754129
92410  	0.000047260095937994754129
K551   	0.000047260095937994754129
9053   	0.000047260095937994754129
43885  	0.000047260095937994754129
I63532 	0.000047260095937994754129
J14    	0.000047260095937994754129
72401  	0.000047260095937994754129
32723  	0.000047260095937994754129
K5780  	0.000047260095937994754129
20510  	0.000047260095937994754129
04183  	0.000047260095937994754129
N410   	0.000047260095937994754129
2769   	0.000047260095937994754129
C8338  	0.000047260095937994754129
56031  	0.000047260095937994754129
T40601A	0.000047260095937994754129
20288  	0.000047260095937994754129
64271  	0.000047260095937994754129
3682   	0.000047260095937994754129
8247   	0.000047260095937994754129
44031  	0.000047260095937994754129
319    	0.000047260095937994754129
K811   	0.000047260095937994754129
28264  	0.000047260095937994754129
71911  	0.000047260095937994754129
K828   	0.000047260095937994754129
70714  	0.000047260095937994754129
71101  	0.000047260095937994754129
31230  	0.000047260095937994754129
85100  	0.000047260095937994754129
G9389  	0.000047260095937994754129
J939   	0.000047260095937994754129
G373   	0.000047260095937994754129
53561  	0.000047260095937994754129
M4628  	0.000047260095937994754129
M6250  	0.000047260095937994754129
L7622  	0.000047260095937994754129
45989  	0.000047260095937994754129
4536   	0.000047260095937994754129
I613   	0.000047260095937994754129
22802  	0.000047260095937994754129
N200   	0.000047260095937994754129
B372   	0.000047260095937994754129
41012  	0.000047260095937994754129
82320  	0.000047260095937994754129
42610  	0.000047260095937994754129
S32011A	0.000047260095937994754129
S42201D	0.000047260095937994754129
4464   	0.000047260095937994754129
40400  	0.000047260095937994754129
C519   	0.000047260095937994754129
S72111A	0.000047260095937994754129
1529   	0.000047260095937994754129
I6990  	0.000047260095937994754129
48284  	0.000047260095937994754129
61889  	0.000047260095937994754129
M1632  	0.000047260095937994754129
M9701XA	0.000047260095937994754129
2384   	0.000047260095937994754129
S065X7A	0.000047260095937994754129
T17918A	0.000047260095937994754129
F603   	0.000047260095937994754129
F1120  	0.000047260095937994754129
K5721  	0.000047260095937994754129
72251  	0.000047260095937994754129
3942   	0.000047260095937994754129
S22080D	0.000047260095937994754129
K255   	0.000047260095937994754129
45386  	0.000047260095937994754129
8676   	0.000047260095937994754129
T814XXS	0.000047260095937994754129
4408   	0.000047260095937994754129
2254   	0.000047260095937994754129
79311  	0.000047260095937994754129
2395   	0.000047260095937994754129
F19959 	0.000047260095937994754129
I63322 	0.000047260095937994754129
73639  	0.000047260095937994754129
D490   	0.000047260095937994754129
I5181  	0.000047260095937994754129
D693   	0.000047260095937994754129
K8510  	0.000047260095937994754129
T84030A	0.000047260095937994754129
B377   	0.000047260095937994754129
I272   	0.000047260095937994754129
3241   	0.000047260095937994754129
J811   	0.000047260095937994754129
41061  	0.000047260095937994754129
47829  	0.000047260095937994754129
8505   	0.000047260095937994754129
03841  	0.000047260095937994754129
M5126  	0.000047260095937994754129
L03211 	0.000047260095937994754129
S066X1A	0.000047260095937994754129
72939  	0.000047260095937994754129
I493   	0.000047260095937994754129
20198  	0.000047260095937994754129
M9711XA	0.000047260095937994754129
5300   	0.000047260095937994754129
R319   	0.000047260095937994754129
I6201  	0.000047260095937994754129
65801  	0.000047260095937994754129
R54    	0.000047260095937994754129
M25552 	0.000047260095937994754129
71941  	0.000047260095937994754129
1727   	0.000047260095937994754129
K5793  	0.000047260095937994754129
K743   	0.000047260095937994754129
56738  	0.000047260095937994754129
S72144A	0.000047260095937994754129
2111   	0.000047260095937994754129
8028   	0.000047260095937994754129
D471   	0.000047260095937994754129
S72145A	0.000047260095937994754129
R1909  	0.000047260095937994754129
L02611 	0.000047260095937994754129
J45909 	0.000047260095937994754129
25090  	0.000047260095937994754129
I6310  	0.000047260095937994754129
M5002  	0.000047260095937994754129
L02211 	0.000047260095937994754129
541    	0.000047260095937994754129
1808   	0.000047260095937994754129
1982   	0.000047260095937994754129
2281   	0.000047260095937994754129
4878   	0.000047260095937994754129
53350  	0.000047260095937994754129
K8001  	0.000047260095937994754129
M7981  	0.000047260095937994754129
8240   	0.000047260095937994754129
K861   	0.000047260095937994754129
S7222XD	0.000047260095937994754129
56202  	0.000047260095937994754129
Z510   	0.000047260095937994754129
N201   	0.000047260095937994754129
85306  	0.000047260095937994754129
I6330  	0.000047260095937994754129
S72462A	0.000047260095937994754129
T82120A	0.000047260095937994754129
M25511 	0.000047260095937994754129
0092   	0.000047260095937994754129
F1020  	0.000047260095937994754129
M109   	0.000047260095937994754129
99702  	0.000047260095937994754129
I713   	0.000047260095937994754129
71947  	0.000047260095937994754129
I484   	0.000047260095937994754129
9693   	0.000047260095937994754129
S72012D	0.000047260095937994754129
5793   	0.000047260095937994754129
R2689  	0.000047260095937994754129
73015  	0.000047260095937994754129
N12    	0.000047260095937994754129
23871  	0.000047260095937994754129
53782  	0.000047260095937994754129
L03314 	0.000047260095937994754129
1173   	0.000047260095937994754129
I70203 	0.000047260095937994754129
S300XXA	0.000047260095937994754129
C674   	0.000047260095937994754129
7999   	0.000047260095937994754129
29643  	0.000047260095937994754129
G301   	0.000047260095937994754129
S32591A	0.000047260095937994754129
I483   	0.000047260095937994754129
1741   	0.000047260095937994754129
60091  	0.000047260095937994754129
I8501  	0.000047260095937994754129
71831  	0.000047260095937994754129
3321   	0.000047260095937994754129
L89150 	0.000047260095937994754129
28850  	0.000047260095937994754129
5679   	0.000047260095937994754129
3343   	0.000047260095937994754129
40211  	0.000047260095937994754129
59681  	0.000047260095937994754129
3102   	0.000047260095937994754129
3688   	0.000047260095937994754129
8509   	0.000047260095937994754129
9054   	0.000047260095937994754129
99592  	0.000047260095937994754129
2116   	0.000047260095937994754129
80604  	0.000047260095937994754129
0796   	0.000047260095937994754129
C642   	0.000047260095937994754129
K224   	0.000047260095937994754129
1742   	0.000047260095937994754129
E872   	0.000047260095937994754129
92232  	0.000047260095937994754129
49302  	0.000047260095937994754129
9051   	0.000047260095937994754129
K850   	0.000047260095937994754129
L03317 	0.000047260095937994754129
28659  	0.000047260095937994754129
1745   	0.000047260095937994754129
M069   	0.000047260095937994754129
Z931   	0.000047260095937994754129
85229  	0.000047260095937994754129
72280  	0.000047260095937994754129
66311  	0.000047260095937994754129
71103  	0.000047260095937994754129
B371   	0.000047260095937994754129
J851   	0.000047260095937994754129
M10071 	0.000047260095937994754129
I824Z1 	0.000047260095937994754129
83100  	0.000047260095937994754129
20890  	0.000047260095937994754129
43400  	0.000047260095937994754129
K7040  	0.000047260095937994754129
9596   	0.000047260095937994754129
F205   	0.000047260095937994754129
64231  	0.000047260095937994754129
K7581  	0.000047260095937994754129
Z4502  	0.000047260095937994754129
048    	0.000047260095937994754129
43410  	0.000047260095937994754129
R791   	0.000047260095937994754129
78729  	0.000047260095937994754129
3441   	0.000047260095937994754129
M1732  	0.000047260095937994754129
C569   	0.000047260095937994754129
66101  	0.000047260095937994754129
80507  	0.000047260095937994754129
T84226A	0.000047260095937994754129
T428X1A	0.000047260095937994754129
E785   	0.000047260095937994754129
1120   	0.000047260095937994754129
4476   	0.000047260095937994754129
7921   	0.000047260095937994754129
S7221XA	0.000047260095937994754129
34511  	0.000047260095937994754129
T8789  	0.000047260095937994754129
K435   	0.000047260095937994754129
72981  	0.000047260095937994754129
20070  	0.000047260095937994754129
64891  	0.000047260095937994754129
K7030  	0.000047260095937994754129
4578   	0.000047260095937994754129
48281  	0.000047260095937994754129
4560   	0.000047260095937994754129
L7632  	0.000047260095937994754129
73016  	0.000047260095937994754129
M879   	0.000047260095937994754129
N1339  	0.000047260095937994754129
R502   	0.000047260095937994754129
C8318  	0.000047260095937994754129
53012  	0.000047260095937994754129
T8469XA	0.000047260095937994754129
1612   	0.000047260095937994754129
46430  	0.000047260095937994754129
6961   	0.000047260095937994754129
55013  	0.000047260095937994754129
L03031 	0.000047260095937994754129
82129  	0.000047260095937994754129
3481   	0.000047260095937994754129
S72102A	0.000047260095937994754129
4599   	0.000047260095937994754129
53450  	0.000047260095937994754129
C785   	0.000047260095937994754129
73390  	0.000047260095937994754129
261    	0.000047260095937994754129
94534  	0.000047260095937994754129
29510  	0.000047260095937994754129
48240  	0.000047260095937994754129
K644   	0.000047260095937994754129
G40201 	0.000047260095937994754129
8738   	0.000047260095937994754129
T826XXA	0.000047260095937994754129
J09X2  	0.000047260095937994754129
40411  	0.000047260095937994754129
19882  	0.000047260095937994754129
29651  	0.000047260095937994754129
S12000A	0.000047260095937994754129
64303  	0.000047260095937994754129
24200  	0.000047260095937994754129
I70235 	0.000047260095937994754129
99833  	0.000047260095937994754129
34400  	0.000047260095937994754129
I5042  	0.000047260095937994754129
1618   	0.000047260095937994754129
80841  	0.000047260095937994754129
7172   	0.000047260095937994754129
V664   	0.000047260095937994754129
5531   	0.000047260095937994754129
T783XXA	0.000047260095937994754129
04119  	0.000047260095937994754129
B3749  	0.000047260095937994754129
7212   	0.000047260095937994754129
28269  	0.000047260095937994754129
K5520  	0.000047260095937994754129
4230   	0.000047260095937994754129
F3110  	0.000047260095937994754129
K311   	0.000047260095937994754129
3334   	0.000047260095937994754129
Z96652 	0.000047260095937994754129
G039   	0.000047260095937994754129
5562   	0.000047260095937994754129
29533  	0.000047260095937994754129
5720   	0.000047260095937994754129
K208   	0.000047260095937994754129
8245   	0.000047260095937994754129
S72401A	0.000047260095937994754129
S72042A	0.000047260095937994754129
2810   	0.000047260095937994754129
5120   	0.000047260095937994754129
N189   	0.000047260095937994754129
42761  	0.000047260095937994754129
4466   	0.000047260095937994754129
T8509XA	0.000047260095937994754129
D6481  	0.000047260095937994754129
71690  	0.000047260095937994754129
S52501A	0.000047260095937994754129
T45511A	0.000047260095937994754129
R1011  	0.000047260095937994754129
7856   	0.000047260095937994754129
I63231 	0.000047260095937994754129
3510   	0.000047260095937994754129
0071   	0.000047260095937994754129
4417   	0.000047260095937994754129
O34211 	0.000047260095937994754129
I63232 	0.000047260095937994754129
C7801  	0.000047260095937994754129
T84092A	0.000047260095937994754129
T8130XA	0.000047260095937994754129
T8454XD	0.000047260095937994754129
1872   	0.000047260095937994754129
99631  	0.000047260095937994754129
G379   	0.000047260095937994754129
M4856XD	0.000047260095937994754129
T84040A	0.000047260095937994754129
0543   	0.000047260095937994754129
52689  	0.000047260095937994754129
S301XXA	0.000047260095937994754129
K580   	0.000047260095937994754129
412    	0.000047260095937994754129
I161   	0.000047260095937994754129
4169   	0.000047260095937994754129
I69154 	0.000047260095937994754129
73679  	0.000047260095937994754129
T82190A	0.000047260095937994754129
M86172 	0.000047260095937994754129
G308   	0.000047260095937994754129
R1900  	0.000047260095937994754129
S72141S	0.000047260095937994754129
I82432 	0.000047260095937994754129
E162   	0.000047260095937994754129
3093   	0.000047260095937994754129
9895   	0.000047260095937994754129
3482   	0.000047260095937994754129
20200  	0.000047260095937994754129
J471   	0.000047260095937994754129
1940   	0.000047260095937994754129
J984   	0.000047260095937994754129
3559   	0.000047260095937994754129
5183   	0.000047260095937994754129
72291  	0.000047260095937994754129
20281  	0.000047260095937994754129
4400   	0.000047260095937994754129
I499   	0.000047260095937994754129
5819   	0.000047260095937994754129
I25810 	0.000047260095937994754129
T82110A	0.000047260095937994754129
M316   	0.000047260095937994754129
N939   	0.000047260095937994754129
64403  	0.000047260095937994754129
72765  	0.000047260095937994754129
48289  	0.000047260095937994754129
I716   	0.000047260095937994754129
M172   	0.000047260095937994754129
94526  	0.000047260095937994754129
S52532A	0.000047260095937994754129
I441   	0.000047260095937994754129
M3214  	0.000047260095937994754129
K6289  	0.000047260095937994754129
4592   	0.000047260095937994754129
Z4801  	0.000047260095937994754129
07030  	0.000047260095937994754129
1560   	0.000047260095937994754129
99799  	0.000047260095937994754129
L02413 	0.000047260095937994754129
60883  	0.000047260095937994754129
8260   	0.000047260095937994754129
1599   	0.000047260095937994754129
80849  	0.000047260095937994754129
S52502A	0.000047260095937994754129
A411   	0.000047260095937994754129
82381  	0.000047260095937994754129
J111   	0.000047260095937994754129
G3109  	0.000047260095937994754129
G629   	0.000047260095937994754129
5283   	0.000047260095937994754129
71617  	0.000047260095937994754129
I69320 	0.000047260095937994754129
1125   	0.000047260095937994754129
94209  	0.000047260095937994754129
F1420  	0.000047260095937994754129
Z481   	0.000047260095937994754129
5163   	0.000047260095937994754129
33119  	0.000047260095937994754129
R4701  	0.000047260095937994754129
S22089D	0.000047260095937994754129
M009   	0.000047260095937994754129
73329  	0.000047260095937994754129
M5000  	0.000047260095937994754129
K3184  	0.000047260095937994754129
85401  	0.000047260095937994754129
56961  	0.000047260095937994754129
8950   	0.000047260095937994754129
S72091A	0.000047260095937994754129
73819  	0.000047260095937994754129
56942  	0.000047260095937994754129
53510  	0.000047260095937994754129
1420   	0.000047260095937994754129
57481  	0.000047260095937994754129
K8064  	0.000047260095937994754129
73397  	0.000047260095937994754129
73006  	0.000047260095937994754129
G061   	0.000047260095937994754129
0499   	0.000047260095937994754129
F068   	0.000047260095937994754129
S32431A	0.000047260095937994754129
9597   	0.000047260095937994754129
8438   	0.000047260095937994754129
72142  	0.000047260095937994754129
C713   	0.000047260095937994754129
20287  	0.000047260095937994754129
7177   	0.000047260095937994754129
I82441 	0.000047260095937994754129
C711   	0.000047260095937994754129
72889  	0.000047260095937994754129
A045   	0.000047260095937994754129
F4325  	0.000047260095937994754129
5851   	0.000047260095937994754129
1759   	0.000047260095937994754129
2394   	0.000047260095937994754129
9726   	0.000047260095937994754129
7810   	0.000047260095937994754129
85400  	0.000047260095937994754129
45933  	0.000047260095937994754129
J3489  	0.000047260095937994754129
48811  	0.000047260095937994754129
C73    	0.000047260095937994754129
7079   	0.000047260095937994754129
44489  	0.000047260095937994754129
F22    	0.000047260095937994754129
5290   	0.000047260095937994754129
I70262 	0.000047260095937994754129
D735   	0.000047260095937994754129
25052  	0.000047260095937994754129
80500  	0.000047260095937994754129
E869   	0.000047260095937994754129
2334   	0.000047260095937994754129
9055   	0.000047260095937994754129
5902   	0.000047260095937994754129
0479   	0.000047260095937994754129
V5410  	0.000047260095937994754129
T8183XA	0.000047260095937994754129
9663   	0.000047260095937994754129
95892  	0.000047260095937994754129
M50222 	0.000047260095937994754129
M5441  	0.000047260095937994754129
61610  	0.000047260095937994754129
R600   	0.000047260095937994754129
3090   	0.000047260095937994754129
53210  	0.000047260095937994754129
1832   	0.000047260095937994754129
27400  	0.000047260095937994754129
71886  	0.000047260095937994754129
36001  	0.000047260095937994754129
936    	0.000047260095937994754129
7830   	0.000047260095937994754129
7226   	0.000047260095937994754129
M868X6 	0.000047260095937994754129
I352   	0.000047260095937994754129
62130  	0.000047260095937994754129
99881  	0.000047260095937994754129
M84459A	0.000047260095937994754129
9529   	0.000023630047968997377065
T40691A	0.000023630047968997377065
M67471 	0.000023630047968997377065
92421  	0.000023630047968997377065
86813  	0.000023630047968997377065
S42011S	0.000023630047968997377065
I82492 	0.000023630047968997377065
78321  	0.000023630047968997377065
20275  	0.000023630047968997377065
F4323  	0.000023630047968997377065
2102   	0.000023630047968997377065
53084  	0.000023630047968997377065
9177   	0.000023630047968997377065
8362   	0.000023630047968997377065
R58    	0.000023630047968997377065
05371  	0.000023630047968997377065
S300XXD	0.000023630047968997377065
2112   	0.000023630047968997377065
5804   	0.000023630047968997377065
V6284  	0.000023630047968997377065
1613   	0.000023630047968997377065
4480   	0.000023630047968997377065
9619   	0.000023630047968997377065
T888XXD	0.000023630047968997377065
F4320  	0.000023630047968997377065
4512   	0.000023630047968997377065
K2961  	0.000023630047968997377065
S06350D	0.000023630047968997377065
B0231  	0.000023630047968997377065
V7189  	0.000023630047968997377065
F10129 	0.000023630047968997377065
T84033A	0.000023630047968997377065
9224   	0.000023630047968997377065
J672   	0.000023630047968997377065
2351   	0.000023630047968997377065
8900   	0.000023630047968997377065
35782  	0.000023630047968997377065
5249   	0.000023630047968997377065
N453   	0.000023630047968997377065
2651   	0.000023630047968997377065
J155   	0.000023630047968997377065
F323   	0.000023630047968997377065
S43084A	0.000023630047968997377065
T8241XA	0.000023630047968997377065
M0510  	0.000023630047968997377065
57480  	0.000023630047968997377065
V665   	0.000023630047968997377065
53560  	0.000023630047968997377065
S066X0D	0.000023630047968997377065
L97929 	0.000023630047968997377065
Z452   	0.000023630047968997377065
E8342  	0.000023630047968997377065
I1311  	0.000023630047968997377065
82031  	0.000023630047968997377065
T8452XD	0.000023630047968997377065
T510X1A	0.000023630047968997377065
72272  	0.000023630047968997377065
2119   	0.000023630047968997377065
I69392 	0.000023630047968997377065
S82454D	0.000023630047968997377065
S22059A	0.000023630047968997377065
C946   	0.000023630047968997377065
64421  	0.000023630047968997377065
87343  	0.000023630047968997377065
6850   	0.000023630047968997377065
9696   	0.000023630047968997377065
M13811 	0.000023630047968997377065
20580  	0.000023630047968997377065
5309   	0.000023630047968997377065
L97912 	0.000023630047968997377065
M84462S	0.000023630047968997377065
24900  	0.000023630047968997377065
S4991XA	0.000023630047968997377065
34581  	0.000023630047968997377065
K22711 	0.000023630047968997377065
R51    	0.000023630047968997377065
3572   	0.000023630047968997377065
34981  	0.000023630047968997377065
R1901  	0.000023630047968997377065
K265   	0.000023630047968997377065
5647   	0.000023630047968997377065
T84028D	0.000023630047968997377065
R630   	0.000023630047968997377065
T8451XD	0.000023630047968997377065
04185  	0.000023630047968997377065
M1990  	0.000023630047968997377065
83101  	0.000023630047968997377065
M65811 	0.000023630047968997377065
7135   	0.000023630047968997377065
M5022  	0.000023630047968997377065
I270   	0.000023630047968997377065
K30    	0.000023630047968997377065
M86651 	0.000023630047968997377065
S13171A	0.000023630047968997377065
J150   	0.000023630047968997377065
N342   	0.000023630047968997377065
6869   	0.000023630047968997377065
T8389XA	0.000023630047968997377065
S06300D	0.000023630047968997377065
1704   	0.000023630047968997377065
53131  	0.000023630047968997377065
7235   	0.000023630047968997377065
34571  	0.000023630047968997377065
78723  	0.000023630047968997377065
1140   	0.000023630047968997377065
94231  	0.000023630047968997377065
S12000D	0.000023630047968997377065
94136  	0.000023630047968997377065
32381  	0.000023630047968997377065
2982   	0.000023630047968997377065
L97429 	0.000023630047968997377065
C44329 	0.000023630047968997377065
S32402D	0.000023630047968997377065
20051  	0.000023630047968997377065
M84550A	0.000023630047968997377065
O99612 	0.000023630047968997377065
K520   	0.000023630047968997377065
4263   	0.000023630047968997377065
8973   	0.000023630047968997377065
S82444D	0.000023630047968997377065
S7012XA	0.000023630047968997377065
T43222A	0.000023630047968997377065
1528   	0.000023630047968997377065
8901   	0.000023630047968997377065
71835  	0.000023630047968997377065
K838   	0.000023630047968997377065
S37022A	0.000023630047968997377065
24220  	0.000023630047968997377065
S82434A	0.000023630047968997377065
87201  	0.000023630047968997377065
S82891A	0.000023630047968997377065
3950   	0.000023630047968997377065
T423X2A	0.000023630047968997377065
30742  	0.000023630047968997377065
J391   	0.000023630047968997377065
R911   	0.000023630047968997377065
79539  	0.000023630047968997377065
K315   	0.000023630047968997377065
M25512 	0.000023630047968997377065
A427   	0.000023630047968997377065
N110   	0.000023630047968997377065
36846  	0.000023630047968997377065
2865   	0.000023630047968997377065
33721  	0.000023630047968997377065
74681  	0.000023630047968997377065
M19172 	0.000023630047968997377065
M86659 	0.000023630047968997377065
80605  	0.000023630047968997377065
41406  	0.000023630047968997377065
M272   	0.000023630047968997377065
72972  	0.000023630047968997377065
S3210XD	0.000023630047968997377065
5734   	0.000023630047968997377065
M25561 	0.000023630047968997377065
5186   	0.000023630047968997377065
D680   	0.000023630047968997377065
M793   	0.000023630047968997377065
86320  	0.000023630047968997377065
47831  	0.000023630047968997377065
M4622  	0.000023630047968997377065
81343  	0.000023630047968997377065
E11622 	0.000023630047968997377065
I998   	0.000023630047968997377065
M2142  	0.000023630047968997377065
N281   	0.000023630047968997377065
2448   	0.000023630047968997377065
D72829 	0.000023630047968997377065
20310  	0.000023630047968997377065
I7789  	0.000023630047968997377065
E09649 	0.000023630047968997377065
S01511A	0.000023630047968997377065
V171   	0.000023630047968997377065
N031   	0.000023630047968997377065
I69954 	0.000023630047968997377065
J1520  	0.000023630047968997377065
L02612 	0.000023630047968997377065
E1140  	0.000023630047968997377065
K229   	0.000023630047968997377065
5173   	0.000023630047968997377065
I97190 	0.000023630047968997377065
D491   	0.000023630047968997377065
80842  	0.000023630047968997377065
K1120  	0.000023630047968997377065
S060X9A	0.000023630047968997377065
C7802  	0.000023630047968997377065
T17890A	0.000023630047968997377065
87352  	0.000023630047968997377065
T847XXA	0.000023630047968997377065
42611  	0.000023630047968997377065
H532   	0.000023630047968997377065
B9789  	0.000023630047968997377065
M84359S	0.000023630047968997377065
20190  	0.000023630047968997377065
T84021S	0.000023630047968997377065
8976   	0.000023630047968997377065
67133  	0.000023630047968997377065
3019   	0.000023630047968997377065
S335XXA	0.000023630047968997377065
K611   	0.000023630047968997377065
68102  	0.000023630047968997377065
41181  	0.000023630047968997377065
29662  	0.000023630047968997377065
45385  	0.000023630047968997377065
52419  	0.000023630047968997377065
K2980  	0.000023630047968997377065
S2232XA	0.000023630047968997377065
C23    	0.000023630047968997377065
1839   	0.000023630047968997377065
N739   	0.000023630047968997377065
99522  	0.000023630047968997377065
S06309A	0.000023630047968997377065
F3177  	0.000023630047968997377065
G8911  	0.000023630047968997377065
C480   	0.000023630047968997377065
86229  	0.000023630047968997377065
S82851D	0.000023630047968997377065
4378   	0.000023630047968997377065
8970   	0.000023630047968997377065
S066X7A	0.000023630047968997377065
G4733  	0.000023630047968997377065
56200  	0.000023630047968997377065
S22051A	0.000023630047968997377065
17342  	0.000023630047968997377065
20072  	0.000023630047968997377065
34122  	0.000023630047968997377065
S82252A	0.000023630047968997377065
1619   	0.000023630047968997377065
95210  	0.000023630047968997377065
I69291 	0.000023630047968997377065
E883   	0.000023630047968997377065
1455   	0.000023630047968997377065
64204  	0.000023630047968997377065
71895  	0.000023630047968997377065
66541  	0.000023630047968997377065
K4001  	0.000023630047968997377065
72660  	0.000023630047968997377065
T443X5A	0.000023630047968997377065
S42212A	0.000023630047968997377065
N820   	0.000023630047968997377065
28862  	0.000023630047968997377065
2864   	0.000023630047968997377065
V440   	0.000023630047968997377065
1177   	0.000023630047968997377065
9248   	0.000023630047968997377065
S12191A	0.000023630047968997377065
5692   	0.000023630047968997377065
T86810 	0.000023630047968997377065
S52562D	0.000023630047968997377065
M13862 	0.000023630047968997377065
5193   	0.000023630047968997377065
3070   	0.000023630047968997377065
71100  	0.000023630047968997377065
S72331A	0.000023630047968997377065
S82402A	0.000023630047968997377065
F0280  	0.000023630047968997377065
650    	0.000023630047968997377065
K642   	0.000023630047968997377065
T8209XA	0.000023630047968997377065
64844  	0.000023630047968997377065
7248   	0.000023630047968997377065
T82330A	0.000023630047968997377065
D420   	0.000023630047968997377065
S42471P	0.000023630047968997377065
S86822A	0.000023630047968997377065
F482   	0.000023630047968997377065
92231  	0.000023630047968997377065
S72009A	0.000023630047968997377065
4957   	0.000023630047968997377065
2521   	0.000023630047968997377065
S32491A	0.000023630047968997377065
9730   	0.000023630047968997377065
43830  	0.000023630047968997377065
94323  	0.000023630047968997377065
I880   	0.000023630047968997377065
55091  	0.000023630047968997377065
S0083XS	0.000023630047968997377065
G43A1  	0.000023630047968997377065
T8189XA	0.000023630047968997377065
2115   	0.000023630047968997377065
S12091A	0.000023630047968997377065
G40801 	0.000023630047968997377065
R220   	0.000023630047968997377065
8470   	0.000023630047968997377065
K3189  	0.000023630047968997377065
S62631B	0.000023630047968997377065
2270   	0.000023630047968997377065
T82848A	0.000023630047968997377065
M86072 	0.000023630047968997377065
N7093  	0.000023630047968997377065
S7012XD	0.000023630047968997377065
M4853XD	0.000023630047968997377065
M86179 	0.000023630047968997377065
L270   	0.000023630047968997377065
1103   	0.000023630047968997377065
R410   	0.000023630047968997377065
8831   	0.000023630047968997377065
9582   	0.000023630047968997377065
0542   	0.000023630047968997377065
N419   	0.000023630047968997377065
T18198A	0.000023630047968997377065
4958   	0.000023630047968997377065
S32039A	0.000023630047968997377065
I058   	0.000023630047968997377065
Z22338 	0.000023630047968997377065
38619  	0.000023630047968997377065
2399   	0.000023630047968997377065
3449   	0.000023630047968997377065
1713   	0.000023630047968997377065
T82392S	0.000023630047968997377065
9083   	0.000023630047968997377065
E8359  	0.000023630047968997377065
30151  	0.000023630047968997377065
Z428   	0.000023630047968997377065
T83128A	0.000023630047968997377065
64201  	0.000023630047968997377065
71845  	0.000023630047968997377065
74781  	0.000023630047968997377065
D3001  	0.000023630047968997377065
71104  	0.000023630047968997377065
C649   	0.000023630047968997377065
C561   	0.000023630047968997377065
E212   	0.000023630047968997377065
I2782  	0.000023630047968997377065
8821   	0.000023630047968997377065
L1230  	0.000023630047968997377065
5298   	0.000023630047968997377065
L89613 	0.000023630047968997377065
6020   	0.000023630047968997377065
S32502D	0.000023630047968997377065
S82142A	0.000023630047968997377065
S065X9D	0.000023630047968997377065
K50911 	0.000023630047968997377065
C8510  	0.000023630047968997377065
6111   	0.000023630047968997377065
B3742  	0.000023630047968997377065
81315  	0.000023630047968997377065
99939  	0.000023630047968997377065
S32461A	0.000023630047968997377065
6159   	0.000023630047968997377065
1990   	0.000023630047968997377065
C450   	0.000023630047968997377065
K5909  	0.000023630047968997377065
85182  	0.000023630047968997377065
80031  	0.000023630047968997377065
I151   	0.000023630047968997377065
L97819 	0.000023630047968997377065
2550   	0.000023630047968997377065
94214  	0.000023630047968997377065
33394  	0.000023630047968997377065
Z8673  	0.000023630047968997377065
5680   	0.000023630047968997377065
G9520  	0.000023630047968997377065
1450   	0.000023630047968997377065
M8668  	0.000023630047968997377065
57411  	0.000023630047968997377065
2532   	0.000023630047968997377065
Z431   	0.000023630047968997377065
S91302D	0.000023630047968997377065
J211   	0.000023630047968997377065
S98212D	0.000023630047968997377065
M5442  	0.000023630047968997377065
S32000S	0.000023630047968997377065
2662   	0.000023630047968997377065
S82102S	0.000023630047968997377065
1973   	0.000023630047968997377065
M8629  	0.000023630047968997377065
51281  	0.000023630047968997377065
T84621A	0.000023630047968997377065
5970   	0.000023630047968997377065
I248   	0.000023630047968997377065
C493   	0.000023630047968997377065
K209   	0.000023630047968997377065
J942   	0.000023630047968997377065
G1220  	0.000023630047968997377065
80101  	0.000023630047968997377065
M940   	0.000023630047968997377065
23771  	0.000023630047968997377065
B0239  	0.000023630047968997377065
D378   	0.000023630047968997377065
Q211   	0.000023630047968997377065
S82852D	0.000023630047968997377065
8860   	0.000023630047968997377065
82390  	0.000023630047968997377065
3410   	0.000023630047968997377065
J84116 	0.000023630047968997377065
R1012  	0.000023630047968997377065
O7589  	0.000023630047968997377065
59982  	0.000023630047968997377065
T543X2A	0.000023630047968997377065
3439   	0.000023630047968997377065
61881  	0.000023630047968997377065
T8589XA	0.000023630047968997377065
I259   	0.000023630047968997377065
S73005D	0.000023630047968997377065
G40101 	0.000023630047968997377065
E1021  	0.000023630047968997377065
J705   	0.000023630047968997377065
3553   	0.000023630047968997377065
V452   	0.000023630047968997377065
9100   	0.000023630047968997377065
K9409  	0.000023630047968997377065
3335   	0.000023630047968997377065
6205   	0.000023630047968997377065
S72101D	0.000023630047968997377065
K631   	0.000023630047968997377065
M3320  	0.000023630047968997377065
37313  	0.000023630047968997377065
K2960  	0.000023630047968997377065
I608   	0.000023630047968997377065
53370  	0.000023630047968997377065
K912   	0.000023630047968997377065
5689   	0.000023630047968997377065
L97219 	0.000023630047968997377065
R4781  	0.000023630047968997377065
S82001D	0.000023630047968997377065
S82899D	0.000023630047968997377065
71697  	0.000023630047968997377065
T407X1A	0.000023630047968997377065
7935   	0.000023630047968997377065
8280   	0.000023630047968997377065
2733   	0.000023630047968997377065
1431   	0.000023630047968997377065
K8689  	0.000023630047968997377065
L02416 	0.000023630047968997377065
452    	0.000023630047968997377065
R29898 	0.000023630047968997377065
M47816 	0.000023630047968997377065
4919   	0.000023630047968997377065
E878   	0.000023630047968997377065
I70211 	0.000023630047968997377065
S72011G	0.000023630047968997377065
T24101A	0.000023630047968997377065
S72144D	0.000023630047968997377065
2132   	0.000023630047968997377065
42291  	0.000023630047968997377065
T836XXA	0.000023630047968997377065
K5281  	0.000023630047968997377065
S32312D	0.000023630047968997377065
I453   	0.000023630047968997377065
44629  	0.000023630047968997377065
T404X1A	0.000023630047968997377065
M25571 	0.000023630047968997377065
V079   	0.000023630047968997377065
7366   	0.000023630047968997377065
S7002XD	0.000023630047968997377065
37851  	0.000023630047968997377065
T8502XD	0.000023630047968997377065
M84461A	0.000023630047968997377065
J930   	0.000023630047968997377065
O4103X0	0.000023630047968997377065
6146   	0.000023630047968997377065
I70269 	0.000023630047968997377065
S72112A	0.000023630047968997377065
E10621 	0.000023630047968997377065
J95830 	0.000023630047968997377065
S2002XA	0.000023630047968997377065
K319   	0.000023630047968997377065
R092   	0.000023630047968997377065
G932   	0.000023630047968997377065
I25709 	0.000023630047968997377065
5909   	0.000023630047968997377065
71656  	0.000023630047968997377065
C9101  	0.000023630047968997377065
64191  	0.000023630047968997377065
I952   	0.000023630047968997377065
2720   	0.000023630047968997377065
7424   	0.000023630047968997377065
3530   	0.000023630047968997377065
40490  	0.000023630047968997377065
83907  	0.000023630047968997377065
65811  	0.000023630047968997377065
G722   	0.000023630047968997377065
72665  	0.000023630047968997377065
1500   	0.000023630047968997377065
00846  	0.000023630047968997377065
D374   	0.000023630047968997377065
S42202A	0.000023630047968997377065
1701   	0.000023630047968997377065
T541X2A	0.000023630047968997377065
C060   	0.000023630047968997377065
6021   	0.000023630047968997377065
O6014X0	0.000023630047968997377065
M4185  	0.000023630047968997377065
1710   	0.000023630047968997377065
1958   	0.000023630047968997377065
B3741  	0.000023630047968997377065
T402X2A	0.000023630047968997377065
217    	0.000023630047968997377065
C671   	0.000023630047968997377065
63411  	0.000023630047968997377065
S062X0A	0.000023630047968997377065
I2102  	0.000023630047968997377065
S065X0S	0.000023630047968997377065
S52551A	0.000023630047968997377065
M84561A	0.000023630047968997377065
I82C11 	0.000023630047968997377065
769    	0.000023630047968997377065
T465X1A	0.000023630047968997377065
S14125A	0.000023630047968997377065
27800  	0.000023630047968997377065
45383  	0.000023630047968997377065
99732  	0.000023630047968997377065
3249   	0.000023630047968997377065
F23    	0.000023630047968997377065
B965   	0.000023630047968997377065
82310  	0.000023630047968997377065
6040   	0.000023630047968997377065
S329XXS	0.000023630047968997377065
F3189  	0.000023630047968997377065
S72402A	0.000023630047968997377065
1840   	0.000023630047968997377065
M4624  	0.000023630047968997377065
S7002XA	0.000023630047968997377065
M4854XD	0.000023630047968997377065
S32110A	0.000023630047968997377065
99801  	0.000023630047968997377065
72705  	0.000023630047968997377065
C8517  	0.000023630047968997377065
53085  	0.000023630047968997377065
29635  	0.000023630047968997377065
V5872  	0.000023630047968997377065
5991   	0.000023630047968997377065
C8333  	0.000023630047968997377065
3694   	0.000023630047968997377065
G40802 	0.000023630047968997377065
S76321A	0.000023630047968997377065
88100  	0.000023630047968997377065
29550  	0.000023630047968997377065
5798   	0.000023630047968997377065
4131   	0.000023630047968997377065
1330   	0.000023630047968997377065
80122  	0.000023630047968997377065
1363   	0.000023630047968997377065
73005  	0.000023630047968997377065
S72051A	0.000023630047968997377065
505    	0.000023630047968997377065
28412  	0.000023630047968997377065
501    	0.000023630047968997377065
3094   	0.000023630047968997377065
92303  	0.000023630047968997377065
A812   	0.000023630047968997377065
S51001A	0.000023630047968997377065
M4322  	0.000023630047968997377065
7262   	0.000023630047968997377065
A413   	0.000023630047968997377065
S8290XD	0.000023630047968997377065
9724   	0.000023630047968997377065
K2950  	0.000023630047968997377065
43850  	0.000023630047968997377065
99652  	0.000023630047968997377065
9984   	0.000023630047968997377065
S271XXA	0.000023630047968997377065
41010  	0.000023630047968997377065
29013  	0.000023630047968997377065
43381  	0.000023630047968997377065
M7701  	0.000023630047968997377065
S72142S	0.000023630047968997377065
I82403 	0.000023630047968997377065
43320  	0.000023630047968997377065
3360   	0.000023630047968997377065
72611  	0.000023630047968997377065
I119   	0.000023630047968997377065
H4710  	0.000023630047968997377065
7093   	0.000023630047968997377065
S12100D	0.000023630047968997377065
3202   	0.000023630047968997377065
7218   	0.000023630047968997377065
5279   	0.000023630047968997377065
73340  	0.000023630047968997377065
97081  	0.000023630047968997377065
9878   	0.000023630047968997377065
T82838A	0.000023630047968997377065
29580  	0.000023630047968997377065
99701  	0.000023630047968997377065
T8586XA	0.000023630047968997377065
L120   	0.000023630047968997377065
3839   	0.000023630047968997377065
R1032  	0.000023630047968997377065
7018   	0.000023630047968997377065
59981  	0.000023630047968997377065
8793   	0.000023630047968997377065
20040  	0.000023630047968997377065
M4692  	0.000023630047968997377065
23876  	0.000023630047968997377065
00801  	0.000023630047968997377065
S0101XA	0.000023630047968997377065
7222   	0.000023630047968997377065
S42202D	0.000023630047968997377065
5285   	0.000023630047968997377065
R6889  	0.000023630047968997377065
81400  	0.000023630047968997377065
F203   	0.000023630047968997377065
S71101A	0.000023630047968997377065
J4521  	0.000023630047968997377065
6923   	0.000023630047968997377065
S72302A	0.000023630047968997377065
S72301A	0.000023630047968997377065
R1110  	0.000023630047968997377065
M47818 	0.000023630047968997377065
E1065  	0.000023630047968997377065
I9581  	0.000023630047968997377065
I2129  	0.000023630047968997377065
99656  	0.000023630047968997377065
S42213A	0.000023630047968997377065
1535   	0.000023630047968997377065
N8110  	0.000023630047968997377065
M86271 	0.000023630047968997377065
S72042D	0.000023630047968997377065
71915  	0.000023630047968997377065
3419   	0.000023630047968997377065
5968   	0.000023630047968997377065
72886  	0.000023630047968997377065
0415   	0.000023630047968997377065
1515   	0.000023630047968997377065
L511   	0.000023630047968997377065
79551  	0.000023630047968997377065
71897  	0.000023630047968997377065
H70009 	0.000023630047968997377065
I6783  	0.000023630047968997377065
J09X1  	0.000023630047968997377065
J208   	0.000023630047968997377065
38401  	0.000023630047968997377065
1398   	0.000023630047968997377065
R2681  	0.000023630047968997377065
56201  	0.000023630047968997377065
D3610  	0.000023630047968997377065
C9480  	0.000023630047968997377065
5275   	0.000023630047968997377065
S41111A	0.000023630047968997377065
S12001A	0.000023630047968997377065
3384   	0.000023630047968997377065
I69364 	0.000023630047968997377065
T83022A	0.000023630047968997377065
5716   	0.000023630047968997377065
J95831 	0.000023630047968997377065
0400   	0.000023630047968997377065
J384   	0.000023630047968997377065
48231  	0.000023630047968997377065
F609   	0.000023630047968997377065
47822  	0.000023630047968997377065
5224   	0.000023630047968997377065
82010  	0.000023630047968997377065
11590  	0.000023630047968997377065
R1031  	0.000023630047968997377065
S20211A	0.000023630047968997377065
A0811  	0.000023630047968997377065
65261  	0.000023630047968997377065
S329XXA	0.000023630047968997377065
R000   	0.000023630047968997377065
5929   	0.000023630047968997377065
I70245 	0.000023630047968997377065
I82431 	0.000023630047968997377065
I82503 	0.000023630047968997377065
1980   	0.000023630047968997377065
C099   	0.000023630047968997377065
I6991  	0.000023630047968997377065
8290   	0.000023630047968997377065
K5730  	0.000023630047968997377065
T8649  	0.000023630047968997377065
S32019S	0.000023630047968997377065
E1352  	0.000023630047968997377065
1880   	0.000023630047968997377065
I69221 	0.000023630047968997377065
C50021 	0.000023630047968997377065
V1302  	0.000023630047968997377065
I69359 	0.000023630047968997377065
K029   	0.000023630047968997377065
44284  	0.000023630047968997377065
S72143A	0.000023630047968997377065
81510  	0.000023630047968997377065
S32425A	0.000023630047968997377065
M10072 	0.000023630047968997377065
M0609  	0.000023630047968997377065
9490   	0.000023630047968997377065
T84060A	0.000023630047968997377065
71846  	0.000023630047968997377065
K9420  	0.000023630047968997377065
M40202 	0.000023630047968997377065
1724   	0.000023630047968997377065
K863   	0.000023630047968997377065
S32391B	0.000023630047968997377065
F840   	0.000023630047968997377065
T5491XA	0.000023630047968997377065
2319   	0.000023630047968997377065
79319  	0.000023630047968997377065
7991   	0.000023630047968997377065
5993   	0.000023630047968997377065
K36    	0.000023630047968997377065
3181   	0.000023630047968997377065
G8384  	0.000023630047968997377065
S72424D	0.000023630047968997377065
M65841 	0.000023630047968997377065
I052   	0.000023630047968997377065
3240   	0.000023630047968997377065
24980  	0.000023630047968997377065
71686  	0.000023630047968997377065
C049   	0.000023630047968997377065
E669   	0.000023630047968997377065
C7919  	0.000023630047968997377065
T82594A	0.000023630047968997377065
9711   	0.000023630047968997377065
S066X2A	0.000023630047968997377065
R451   	0.000023630047968997377065
S34105S	0.000023630047968997377065
C7889  	0.000023630047968997377065
K626   	0.000023630047968997377065
S72121A	0.000023630047968997377065
T83098A	0.000023630047968997377065
I429   	0.000023630047968997377065
C07    	0.000023630047968997377065
S42291D	0.000023630047968997377065
E118   	0.000023630047968997377065
36816  	0.000023630047968997377065
71681  	0.000023630047968997377065
T85520A	0.000023630047968997377065
29381  	0.000023630047968997377065
82122  	0.000023630047968997377065
44283  	0.000023630047968997377065
J439   	0.000023630047968997377065
B0230  	0.000023630047968997377065
24920  	0.000023630047968997377065
M84422A	0.000023630047968997377065
C01    	0.000023630047968997377065
71985  	0.000023630047968997377065
G2571  	0.000023630047968997377065
Q2733  	0.000023630047968997377065
L89310 	0.000023630047968997377065
C229   	0.000023630047968997377065
20960  	0.000023630047968997377065
N508   	0.000023630047968997377065
S72034A	0.000023630047968997377065
C864   	0.000023630047968997377065
2808   	0.000023630047968997377065
L03315 	0.000023630047968997377065
17331  	0.000023630047968997377065
R5383  	0.000023630047968997377065
52800  	0.000023630047968997377065
K651   	0.000023630047968997377065
R091   	0.000023630047968997377065
99981  	0.000023630047968997377065
T84114A	0.000023630047968997377065
38870  	0.000023630047968997377065
M769   	0.000023630047968997377065
K469   	0.000023630047968997377065
N950   	0.000023630047968997377065
5711   	0.000023630047968997377065
1916   	0.000023630047968997377065
S32471D	0.000023630047968997377065
K4091  	0.000023630047968997377065
4376   	0.000023630047968997377065
Q231   	0.000023630047968997377065
S0083XA	0.000023630047968997377065
K51312 	0.000023630047968997377065
3340   	0.000023630047968997377065
5821   	0.000023630047968997377065
I6602  	0.000023630047968997377065
86519  	0.000023630047968997377065
4281   	0.000023630047968997377065
2771   	0.000023630047968997377065
K228   	0.000023630047968997377065
B001   	0.000023630047968997377065
J13    	0.000023630047968997377065
71789  	0.000023630047968997377065
7296   	0.000023630047968997377065
S82871B	0.000023630047968997377065
F1024  	0.000023630047968997377065
I745   	0.000023630047968997377065
L97522 	0.000023630047968997377065
04149  	0.000023630047968997377065
C50812 	0.000023630047968997377065
S06350A	0.000023630047968997377065
45184  	0.000023630047968997377065
0069   	0.000023630047968997377065
99933  	0.000023630047968997377065
0391   	0.000023630047968997377065
I25720 	0.000023630047968997377065
40200  	0.000023630047968997377065
J154   	0.000023630047968997377065
R489   	0.000023630047968997377065
37515  	0.000023630047968997377065
29604  	0.000023630047968997377065
72930  	0.000023630047968997377065
B488   	0.000023630047968997377065
I6020  	0.000023630047968997377065
K8063  	0.000023630047968997377065
6039   	0.000023630047968997377065
1516   	0.000023630047968997377065
Z9889  	0.000023630047968997377065
80706  	0.000023630047968997377065
86504  	0.000023630047968997377065
J9811  	0.000023630047968997377065
D259   	0.000023630047968997377065
2253   	0.000023630047968997377065
O85    	0.000023630047968997377065
J157   	0.000023630047968997377065
T66XXXA	0.000023630047968997377065
J17    	0.000023630047968997377065
S2232XD	0.000023630047968997377065
K9161  	0.000023630047968997377065
M5023  	0.000023630047968997377065
56030  	0.000023630047968997377065
C678   	0.000023630047968997377065
M8618  	0.000023630047968997377065
M1991  	0.000023630047968997377065
0093   	0.000023630047968997377065
I69854 	0.000023630047968997377065
G8222  	0.000023630047968997377065
S91002A	0.000023630047968997377065
2250   	0.000023630047968997377065
I209   	0.000023630047968997377065
J1100  	0.000023630047968997377065
34931  	0.000023630047968997377065
K5740  	0.000023630047968997377065
61802  	0.000023630047968997377065
V554   	0.000023630047968997377065
I69851 	0.000023630047968997377065
59389  	0.000023630047968997377065
2731   	0.000023630047968997377065
53191  	0.000023630047968997377065
C760   	0.000023630047968997377065
S42294A	0.000023630047968997377065
J438   	0.000023630047968997377065
3551   	0.000023630047968997377065
M75112 	0.000023630047968997377065
C7A012 	0.000023630047968997377065
1848   	0.000023630047968997377065
43813  	0.000023630047968997377065
T405X1A	0.000023630047968997377065
S0003XA	0.000023630047968997377065
T84029A	0.000023630047968997377065
V4450  	0.000023630047968997377065
L89629 	0.000023630047968997377065
65841  	0.000023630047968997377065
99675  	0.000023630047968997377065
94522  	0.000023630047968997377065
T8249XA	0.000023630047968997377065
T84031D	0.000023630047968997377065
1881   	0.000023630047968997377065
M4805  	0.000023630047968997377065
B004   	0.000023630047968997377065
T84041A	0.000023630047968997377065
40492  	0.000023630047968997377065
M6009  	0.000023630047968997377065
J95821 	0.000023630047968997377065
S72131D	0.000023630047968997377065
S06359A	0.000023630047968997377065
V5841  	0.000023630047968997377065
S7292XA	0.000023630047968997377065
9041   	0.000023630047968997377065
S42451D	0.000023630047968997377065
S7290XA	0.000023630047968997377065
M87212 	0.000023630047968997377065
4441   	0.000023630047968997377065
29560  	0.000023630047968997377065
4730   	0.000023630047968997377065
K2971  	0.000023630047968997377065
S76001D	0.000023630047968997377065
5238   	0.000023630047968997377065
L89523 	0.000023630047968997377065
1610   	0.000023630047968997377065
T85590A	0.000023630047968997377065
J15211 	0.000023630047968997377065
C155   	0.000023630047968997377065
T82514A	0.000023630047968997377065
2515   	0.000023630047968997377065
S72401P	0.000023630047968997377065
45350  	0.000023630047968997377065
94524  	0.000023630047968997377065
7869   	0.000023630047968997377065
72782  	0.000023630047968997377065
S069X1A	0.000023630047968997377065
71849  	0.000023630047968997377065
2988   	0.000023630047968997377065
20973  	0.000023630047968997377065
J432   	0.000023630047968997377065
R1030  	0.000023630047968997377065
S32041D	0.000023630047968997377065
B259   	0.000023630047968997377065
M1652  	0.000023630047968997377065
I25710 	0.000023630047968997377065
R400   	0.000023630047968997377065
S82032D	0.000023630047968997377065
S42353A	0.000023630047968997377065
2126   	0.000023630047968997377065
38600  	0.000023630047968997377065
66401  	0.000023630047968997377065
78002  	0.000023630047968997377065
T83711A	0.000023630047968997377065
E109   	0.000023630047968997377065
1917   	0.000023630047968997377065
5966   	0.000023630047968997377065
M47817 	0.000023630047968997377065
I6349  	0.000023630047968997377065
81000  	0.000023630047968997377065
53511  	0.000023630047968997377065
H8109  	0.000023630047968997377065
H02834 	0.000023630047968997377065
T82598A	0.000023630047968997377065
9213   	0.000023630047968997377065
80707  	0.000023630047968997377065
I69393 	0.000023630047968997377065
86389  	0.000023630047968997377065
T8385XA	0.000023630047968997377065
47870  	0.000023630047968997377065
33522  	0.000023630047968997377065
K5712  	0.000023630047968997377065
L89313 	0.000023630047968997377065
7861   	0.000023630047968997377065
N812   	0.000023630047968997377065
S48121A	0.000023630047968997377065
80603  	0.000023630047968997377065
99741  	0.000023630047968997377065
81100  	0.000023630047968997377065
S7292XS	0.000023630047968997377065
80120  	0.000023630047968997377065
I63323 	0.000023630047968997377065
K2941  	0.000023630047968997377065
73098  	0.000023630047968997377065
V0253  	0.000023630047968997377065
S43015S	0.000023630047968997377065
S12590A	0.000023630047968997377065
85240  	0.000023630047968997377065
5933   	0.000023630047968997377065
K3182  	0.000023630047968997377065
94149  	0.000023630047968997377065
9598   	0.000023630047968997377065
59382  	0.000023630047968997377065
S72352A	0.000023630047968997377065
T8359XA	0.000023630047968997377065
M4856XS	0.000023630047968997377065
82521  	0.000023630047968997377065
M19072 	0.000023630047968997377065
Z902   	0.000023630047968997377065
81383  	0.000023630047968997377065
0059   	0.000023630047968997377065
80131  	0.000023630047968997377065
3599   	0.000023630047968997377065
I63519 	0.000023630047968997377065
4411   	0.000023630047968997377065
S71142A	0.000023630047968997377065
4612   	0.000023630047968997377065
S8001XS	0.000023630047968997377065
S36031A	0.000023630047968997377065
S82141G	0.000023630047968997377065
80625  	0.000023630047968997377065
82130  	0.000023630047968997377065
S72112D	0.000023630047968997377065
5563   	0.000023630047968997377065
T43595A	0.000023630047968997377065
29631  	0.000023630047968997377065
I953   	0.000023630047968997377065
36230  	0.000023630047968997377065
88102  	0.000023630047968997377065
I69898 	0.000023630047968997377065
01184  	0.000023630047968997377065
3369   	0.000023630047968997377065
73689  	0.000023630047968997377065
73022  	0.000023630047968997377065
G060   	0.000023630047968997377065
1969   	0.000023630047968997377065
Z4821  	0.000023630047968997377065
S46091D	0.000023630047968997377065
4611   	0.000023630047968997377065
S72452B	0.000023630047968997377065
D120   	0.000023630047968997377065
R066   	0.000023630047968997377065
N924   	0.000023630047968997377065
R1111  	0.000023630047968997377065
Z89511 	0.000023630047968997377065
78459  	0.000023630047968997377065
Z765   	0.000023630047968997377065
6181   	0.000023630047968997377065
S32001D	0.000023630047968997377065
94532  	0.000023630047968997377065
20929  	0.000023630047968997377065
95911  	0.000023630047968997377065
5078   	0.000023630047968997377065
3576   	0.000023630047968997377065
78937  	0.000023630047968997377065
0030   	0.000023630047968997377065
T82867A	0.000023630047968997377065
V1259  	0.000023630047968997377065
I890   	0.000023630047968997377065
5564   	0.000023630047968997377065
85211  	0.000023630047968997377065
I255   	0.000023630047968997377065
K754   	0.000023630047968997377065
M799   	0.000023630047968997377065
B451   	0.000023630047968997377065
986    	0.000023630047968997377065
43321  	0.000023630047968997377065
J9509  	0.000023630047968997377065
T85624A	0.000023630047968997377065
55092  	0.000023630047968997377065
53521  	0.000023630047968997377065
40413  	0.000023630047968997377065
71196  	0.000023630047968997377065
C4002  	0.000023630047968997377065
00863  	0.000023630047968997377065
4377   	0.000023630047968997377065
47874  	0.000023630047968997377065
2306   	0.000023630047968997377065
80228  	0.000023630047968997377065
2764   	0.000023630047968997377065
M4036  	0.000023630047968997377065
33372  	0.000023630047968997377065
70723  	0.000023630047968997377065
80608  	0.000023630047968997377065
S36129S	0.000023630047968997377065
75310  	0.000023630047968997377065
V1253  	0.000023630047968997377065
73320  	0.000023630047968997377065
M1651  	0.000023630047968997377065
N185   	0.000023630047968997377065
T8859XA	0.000023630047968997377065
T829XXD	0.000023630047968997377065
M4126  	0.000023630047968997377065
J4541  	0.000023630047968997377065
75431  	0.000023630047968997377065
71105  	0.000023630047968997377065
4489   	0.000023630047968997377065
J1289  	0.000023630047968997377065
D5701  	0.000023630047968997377065
N138   	0.000023630047968997377065
92400  	0.000023630047968997377065
34460  	0.000023630047968997377065
24280  	0.000023630047968997377065
K9412  	0.000023630047968997377065
72884  	0.000023630047968997377065
N139   	0.000023630047968997377065
G939   	0.000023630047968997377065
0412   	0.000023630047968997377065
9135   	0.000023630047968997377065
B1711  	0.000023630047968997377065
S82402D	0.000023630047968997377065
S72114D	0.000023630047968997377065
V5844  	0.000023630047968997377065
Z48814 	0.000023630047968997377065
9713   	0.000023630047968997377065
T84011A	0.000023630047968997377065
34682  	0.000023630047968997377065
T85848A	0.000023630047968997377065
T84020D	0.000023630047968997377065
J9589  	0.000023630047968997377065
8090   	0.000023630047968997377065
4259   	0.000023630047968997377065
I824Y2 	0.000023630047968997377065
M4807  	0.000023630047968997377065
S42201A	0.000023630047968997377065
46619  	0.000023630047968997377065
C7B8   	0.000023630047968997377065
L121   	0.000023630047968997377065
C161   	0.000023630047968997377065
I63522 	0.000023630047968997377065
5854   	0.000023630047968997377065
M79604 	0.000023630047968997377065
Z4542  	0.000023630047968997377065
M532X7 	0.000023630047968997377065
88101  	0.000023630047968997377065
27403  	0.000023630047968997377065
17339  	0.000023630047968997377065
F331   	0.000023630047968997377065
S55112A	0.000023630047968997377065
2370   	0.000023630047968997377065
45932  	0.000023630047968997377065
0793   	0.000023630047968997377065
S0292XA	0.000023630047968997377065
D61811 	0.000023630047968997377065
K8062  	0.000023630047968997377065
47834  	0.000023630047968997377065
64511  	0.000023630047968997377065
M00812 	0.000023630047968997377065
96905  	0.000023630047968997377065
74689  	0.000023630047968997377065
85241  	0.000023630047968997377065
3099   	0.000023630047968997377065
71481  	0.000023630047968997377065
B159   	0.000023630047968997377065
S82202D	0.000023630047968997377065
S02600K	0.000023630047968997377065
6258   	0.000023630047968997377065
T826XXD	0.000023630047968997377065
M5127  	0.000023630047968997377065
7350   	0.000023630047968997377065
T8579XD	0.000023630047968997377065
3829   	0.000023630047968997377065
82110  	0.000023630047968997377065
04110  	0.000023630047968997377065
81109  	0.000023630047968997377065
M8738  	0.000023630047968997377065
E2740  	0.000023630047968997377065
71922  	0.000023630047968997377065
56984  	0.000023630047968997377065
60021  	0.000023630047968997377065
T8029XA	0.000023630047968997377065
S22060D	0.000023630047968997377065
D123   	0.000023630047968997377065
G43511 	0.000023630047968997377065
59683  	0.000023630047968997377065
5719   	0.000023630047968997377065
C50911 	0.000023630047968997377065
T86841 	0.000023630047968997377065
S52592B	0.000023630047968997377065
71943  	0.000023630047968997377065
81611  	0.000023630047968997377065
T61771A	0.000023630047968997377065
E210   	0.000023630047968997377065
79579  	0.000023630047968997377065
81352  	0.000023630047968997377065
S81802A	0.000023630047968997377065
3869   	0.000023630047968997377065
J9819  	0.000023630047968997377065
S42011D	0.000023630047968997377065
94435  	0.000023630047968997377065
C714   	0.000023630047968997377065
34680  	0.000023630047968997377065
01193  	0.000023630047968997377065
D219   	0.000023630047968997377065
O9989  	0.000023630047968997377065
5111   	0.000023630047968997377065
S31113A	0.000023630047968997377065
1871   	0.000023630047968997377065
6164   	0.000023630047968997377065
S79191A	0.000023630047968997377065
J8489  	0.000023630047968997377065
83920  	0.000023630047968997377065
3071   	0.000023630047968997377065
8798   	0.000023630047968997377065
G808   	0.000023630047968997377065
51902  	0.000023630047968997377065
72409  	0.000023630047968997377065
M810   	0.000023630047968997377065
5932   	0.000023630047968997377065
D528   	0.000023630047968997377065
L89620 	0.000023630047968997377065
J069   	0.000023630047968997377065
0701   	0.000023630047968997377065
34570  	0.000023630047968997377065
1639   	0.000023630047968997377065
4554   	0.000023630047968997377065
M169   	0.000023630047968997377065
L409   	0.000023630047968997377065
9108   	0.000023630047968997377065
S91312A	0.000023630047968997377065
77210  	0.000023630047968997377065
34461  	0.000023630047968997377065
I428   	0.000023630047968997377065
71836  	0.000023630047968997377065
J9501  	0.000023630047968997377065
S32501A	0.000023630047968997377065
F1010  	0.000023630047968997377065
94536  	0.000023630047968997377065
M25562 	0.000023630047968997377065
M8448XA	0.000023630047968997377065
T84043A	0.000023630047968997377065
B028   	0.000023630047968997377065
K9181  	0.000023630047968997377065
I6613  	0.000023630047968997377065
475    	0.000023630047968997377065
88110  	0.000023630047968997377065
6019   	0.000023630047968997377065
M11212 	0.000023630047968997377065
9212   	0.000023630047968997377065
R1084  	0.000023630047968997377065
D251   	0.000023630047968997377065
56731  	0.000023630047968997377065
G030   	0.000023630047968997377065
G6281  	0.000023630047968997377065
56721  	0.000023630047968997377065
D128   	0.000023630047968997377065
S7292XD	0.000023630047968997377065
80001  	0.000023630047968997377065
F1914  	0.000023630047968997377065
78492  	0.000023630047968997377065
S52614D	0.000023630047968997377065
K2920  	0.000023630047968997377065
T447X1A	0.000023630047968997377065
S72032D	0.000023630047968997377065
S82002D	0.000023630047968997377065
29544  	0.000023630047968997377065
M71122 	0.000023630047968997377065
0340   	0.000023630047968997377065
3239   	0.000023630047968997377065
S2220XD	0.000023630047968997377065
20900  	0.000023630047968997377065
71517  	0.000023630047968997377065
S7290XD	0.000023630047968997377065
3968   	0.000023630047968997377065
71844  	0.000023630047968997377065
S76112D	0.000023630047968997377065
8708   	0.000023630047968997377065
29682  	0.000023630047968997377065
D381   	0.000023630047968997377065
40311  	0.000023630047968997377065
T39312A	0.000023630047968997377065
F4310  	0.000023630047968997377065
O701   	0.000023630047968997377065
1707   	0.000023630047968997377065
H05011 	0.000023630047968997377065
T426X2A	0.000023630047968997377065
K50912 	0.000023630047968997377065
29699  	0.000023630047968997377065
86503  	0.000023630047968997377065
G9589  	0.000023630047968997377065
S12110K	0.000023630047968997377065
J9692  	0.000023630047968997377065
G709   	0.000023630047968997377065
S272XXA	0.000023630047968997377065
I69198 	0.000023630047968997377065
80844  	0.000023630047968997377065
D214   	0.000023630047968997377065
S82209D	0.000023630047968997377065
S36039A	0.000023630047968997377065
S7291XB	0.000023630047968997377065
79029  	0.000023630047968997377065
17322  	0.000023630047968997377065
81332  	0.000023630047968997377065
60499  	0.000023630047968997377065
S06890D	0.000023630047968997377065
G43109 	0.000023630047968997377065
43812  	0.000023630047968997377065
44409  	0.000023630047968997377065
I69998 	0.000023630047968997377065
J84114 	0.000023630047968997377065
M50023 	0.000023630047968997377065
M660   	0.000023630047968997377065
M9956  	0.000023630047968997377065
28749  	0.000023630047968997377065
C158   	0.000023630047968997377065
C183   	0.000023630047968997377065
S20219A	0.000023630047968997377065
20285  	0.000023630047968997377065
99663  	0.000023630047968997377065
V4281  	0.000023630047968997377065
1123   	0.000023630047968997377065
0661   	0.000023630047968997377065
8961   	0.000023630047968997377065
R293   	0.000023630047968997377065
C221   	0.000023630047968997377065
36234  	0.000023630047968997377065
M00861 	0.000023630047968997377065
S4292XA	0.000023630047968997377065
J869   	0.000023630047968997377065
V5401  	0.000023630047968997377065
9680   	0.000023630047968997377065
J9801  	0.000023630047968997377065
M79632 	0.000023630047968997377065
82013  	0.000023630047968997377065
T25322A	0.000023630047968997377065
K561   	0.000023630047968997377065
I63431 	0.000023630047968997377065
0463   	0.000023630047968997377065
4474   	0.000023630047968997377065
S62521A	0.000023630047968997377065
I519   	0.000023630047968997377065
42511  	0.000023630047968997377065
80421  	0.000023630047968997377065
S42221A	0.000023630047968997377065
V5861  	0.000023630047968997377065
M4310  	0.000023630047968997377065
G251   	0.000023630047968997377065
32082  	0.000023630047968997377065
7088   	0.000023630047968997377065
S3609XD	0.000023630047968997377065
R209   	0.000023630047968997377065
25032  	0.000023630047968997377065
2148   	0.000023630047968997377065
2867   	0.000023630047968997377065
J704   	0.000023630047968997377065
C495   	0.000023630047968997377065
G834   	0.000023630047968997377065
45351  	0.000023630047968997377065
K451   	0.000023630047968997377065
87320  	0.000023630047968997377065
V660   	0.000023630047968997377065
9921   	0.000023630047968997377065
T84011D	0.000023630047968997377065
M4644  	0.000023630047968997377065
I6312  	0.000023630047968997377065
S82844A	0.000023630047968997377065
36232  	0.000023630047968997377065
M4646  	0.000023630047968997377065
71740  	0.000023630047968997377065
F2089  	0.000023630047968997377065
C9001  	0.000023630047968997377065
S43421A	0.000023630047968997377065
20600  	0.000023630047968997377065
T84115A	0.000023630047968997377065
2555   	0.000023630047968997377065
T401X2A	0.000023630047968997377065
S88112D	0.000023630047968997377065
5552   	0.000023630047968997377065
S7221XD	0.000023630047968997377065
2441   	0.000023630047968997377065
9110   	0.000023630047968997377065
30021  	0.000023630047968997377065
K260   	0.000023630047968997377065
K645   	0.000023630047968997377065
R590   	0.000023630047968997377065
73710  	0.000023630047968997377065
73719  	0.000023630047968997377065
N454   	0.000023630047968997377065
M84451S	0.000023630047968997377065
8472   	0.000023630047968997377065
K5010  	0.000023630047968997377065
D5720  	0.000023630047968997377065
S52501B	0.000023630047968997377065
45384  	0.000023630047968997377065
G300   	0.000023630047968997377065
44502  	0.000023630047968997377065
M8448XD	0.000023630047968997377065
J700   	0.000023630047968997377065
T17590A	0.000023630047968997377065
7104   	0.000023630047968997377065
I8511  	0.000023630047968997377065
G909   	0.000023630047968997377065
37730  	0.000023630047968997377065
7200   	0.000023630047968997377065
56401  	0.000023630047968997377065
S02401A	0.000023630047968997377065
94242  	0.000023630047968997377065
1716   	0.000023630047968997377065
I70319 	0.000023630047968997377065
9920   	0.000023630047968997377065
00849  	0.000023630047968997377065
7327   	0.000023630047968997377065
N99522 	0.000023630047968997377065
1390   	0.000023630047968997377065
S0232XA	0.000023630047968997377065
E209   	0.000023630047968997377065
035    	0.000023630047968997377065
1709   	0.000023630047968997377065
I25719 	0.000023630047968997377065
I220   	0.000023630047968997377065
G609   	0.000023630047968997377065
M0569  	0.000023630047968997377065
78930  	0.000023630047968997377065
5192   	0.000023630047968997377065
J123   	0.000023630047968997377065
I83013 	0.000023630047968997377065
I97630 	0.000023630047968997377065
N19    	0.000023630047968997377065
T401X1A	0.000023630047968997377065
M87852 	0.000023630047968997377065
5651   	0.000023630047968997377065
80504  	0.000023630047968997377065
78341  	0.000023630047968997377065
F1520  	0.000023630047968997377065
D6959  	0.000023630047968997377065
80629  	0.000023630047968997377065
9744   	0.000023630047968997377065
S01112A	0.000023630047968997377065
25202  	0.000023630047968997377065
3061   	0.000023630047968997377065
22804  	0.000023630047968997377065
S32049A	0.000023630047968997377065
F0781  	0.000023630047968997377065
7243   	0.000023630047968997377065
F1594  	0.000023630047968997377065
7873   	0.000023630047968997377065
71856  	0.000023630047968997377065
5964   	0.000023630047968997377065
N178   	0.000023630047968997377065
1459   	0.000023630047968997377065
D3502  	0.000023630047968997377065
1411   	0.000023630047968997377065
C720   	0.000023630047968997377065
1552   	0.000023630047968997377065
S72451B	0.000023630047968997377065
8931   	0.000023630047968997377065
I9589  	0.000023630047968997377065
T82857S	0.000023630047968997377065
20402  	0.000023630047968997377065
N321   	0.000023630047968997377065
K2951  	0.000023630047968997377065
N3081  	0.000023630047968997377065
M13161 	0.000023630047968997377065
74761  	0.000023630047968997377065
M7061  	0.000023630047968997377065
4416   	0.000023630047968997377065
Z930   	0.000023630047968997377065
J988   	0.000023630047968997377065
9390   	0.000023630047968997377065
Z960   	0.000023630047968997377065
41040  	0.000023630047968997377065
74742  	0.000023630047968997377065
A4902  	0.000023630047968997377065
I308   	0.000023630047968997377065
K8030  	0.000023630047968997377065
1987   	0.000023630047968997377065
J385   	0.000023630047968997377065
A020   	0.000023630047968997377065
L89614 	0.000023630047968997377065
38582  	0.000023630047968997377065
G40911 	0.000023630047968997377065
S82851G	0.000023630047968997377065
8409   	0.000023630047968997377065
K8067  	0.000023630047968997377065
80226  	0.000023630047968997377065
M1710  	0.000023630047968997377065
2949   	0.000023630047968997377065
L513   	0.000023630047968997377065
R591   	0.000023630047968997377065
9752   	0.000023630047968997377065
99809  	0.000023630047968997377065
M12811 	0.000023630047968997377065
44771  	0.000023630047968997377065
S72392A	0.000023630047968997377065
40402  	0.000023630047968997377065
I421   	0.000023630047968997377065
S82042A	0.000023630047968997377065
L7634  	0.000023630047968997377065
43391  	0.000023630047968997377065
C9262  	0.000023630047968997377065
4371   	0.000023630047968997377065
60090  	0.000023630047968997377065
I63533 	0.000023630047968997377065
8241   	0.000023630047968997377065
M7989  	0.000023630047968997377065
27489  	0.000023630047968997377065
S32421A	0.000023630047968997377065
85142  	0.000023630047968997377065
S06340A	0.000023630047968997377065
N7689  	0.000023630047968997377065
I2542  	0.000023630047968997377065
V4611  	0.000023630047968997377065
42989  	0.000023630047968997377065
73024  	0.000023630047968997377065
S82409A	0.000023630047968997377065
S82851B	0.000023630047968997377065
J158   	0.000023630047968997377065
M47896 	0.000023630047968997377065
86501  	0.000023630047968997377065
T18128A	0.000023630047968997377065
J95822 	0.000023630047968997377065
1981   	0.000023630047968997377065
S42392A	0.000023630047968997377065
9858   	0.000023630047968997377065
34120  	0.000023630047968997377065
M50123 	0.000023630047968997377065
C7952  	0.000023630047968997377065
L89324 	0.000023630047968997377065
S42211B	0.000023630047968997377065
8074   	0.000023630047968997377065
48249  	0.000023630047968997377065
56789  	0.000023630047968997377065
S32512A	0.000023630047968997377065
2841   	0.000023630047968997377065
M4713  	0.000023630047968997377065
34603  	0.000023630047968997377065
6201   	0.000023630047968997377065
M7021  	0.000023630047968997377065
71949  	0.000023630047968997377065
3502   	0.000023630047968997377065
S32444A	0.000023630047968997377065
2811   	0.000023630047968997377065
Z96659 	0.000023630047968997377065
S32591D	0.000023630047968997377065
I69920 	0.000023630047968997377065
S32012D	0.000023630047968997377065
20810  	0.000023630047968997377065
I742   	0.000023630047968997377065
R4181  	0.000023630047968997377065
9630   	0.000023630047968997377065
K766   	0.000023630047968997377065
71292  	0.000023630047968997377065
N99820 	0.000023630047968997377065
V4613  	0.000023630047968997377065
1520   	0.000023630047968997377065
A5217  	0.000023630047968997377065
M8088XA	0.000023630047968997377065
3485   	0.000023630047968997377065
S32059A	0.000023630047968997377065
2755   	0.000023630047968997377065
4732   	0.000023630047968997377065
T82198A	0.000023630047968997377065
E854   	0.000023630047968997377065
61809  	0.000023630047968997377065
G500   	0.000023630047968997377065
64801  	0.000023630047968997377065
S14121D	0.000023630047968997377065
29594  	0.000023630047968997377065
K31819 	0.000023630047968997377065
C139   	0.000023630047968997377065
S51812A	0.000023630047968997377065
S3219XA	0.000023630047968997377065
J810   	0.000023630047968997377065
N184   	0.000023630047968997377065
7904   	0.000023630047968997377065
5790   	0.000023630047968997377065
8072   	0.000023630047968997377065
S76112A	0.000023630047968997377065
00843  	0.000023630047968997377065
S066X9S	0.000023630047968997377065
G43409 	0.000023630047968997377065
3418   	0.000023630047968997377065
N990   	0.000023630047968997377065
81203  	0.000023630047968997377065
73316  	0.000023630047968997377065
45381  	0.000023630047968997377065
75329  	0.000023630047968997377065
T82591A	0.000023630047968997377065
9828   	0.000023630047968997377065
7354   	0.000023630047968997377065
T8733  	0.000023630047968997377065
G913   	0.000023630047968997377065
I6931  	0.000023630047968997377065
57491  	0.000023630047968997377065
K668   	0.000023630047968997377065
6959   	0.000023630047968997377065
K4000  	0.000023630047968997377065
2180   	0.000023630047968997377065
45352  	0.000023630047968997377065
7420   	0.000023630047968997377065
T24312A	0.000023630047968997377065
78065  	0.000023630047968997377065
81321  	0.000023630047968997377065
Z48817 	0.000023630047968997377065
T8610  	0.000023630047968997377065
5273   	0.000023630047968997377065
9701   	0.000023630047968997377065
58889  	0.000023630047968997377065
1700   	0.000023630047968997377065
2692   	0.000023630047968997377065
7892   	0.000023630047968997377065
G40804 	0.000023630047968997377065
53241  	0.000023630047968997377065
K8047  	0.000023630047968997377065
82535  	0.000023630047968997377065
Z430   	0.000023630047968997377065
7078   	0.000023630047968997377065
4959   	0.000023630047968997377065
5848   	0.000023630047968997377065
80112  	0.000023630047968997377065
V5831  	0.000023630047968997377065
S0093XA	0.000023630047968997377065
5999   	0.000023630047968997377065
N452   	0.000023630047968997377065
M75102 	0.000023630047968997377065
3550   	0.000023630047968997377065
07053  	0.000023630047968997377065
2373   	0.000023630047968997377065
3911   	0.000023630047968997377065
O99343 	0.000023630047968997377065
F0789  	0.000023630047968997377065
V078   	0.000023630047968997377065
4352   	0.000023630047968997377065
I70238 	0.000023630047968997377065
K5190  	0.000023630047968997377065
4266   	0.000023630047968997377065
C562   	0.000023630047968997377065
326    	0.000023630047968997377065
1838   	0.000023630047968997377065
2114   	0.000023630047968997377065
I723   	0.000023630047968997377065
D46Z   	0.000023630047968997377065
74685  	0.000023630047968997377065
D496   	0.000023630047968997377065
9691   	0.000023630047968997377065
78096  	0.000023630047968997377065
78905  	0.000023630047968997377065
I7101  	0.000023630047968997377065
72190  	0.000023630047968997377065
A028   	0.000023630047968997377065
E039   	0.000023630047968997377065
9881   	0.000023630047968997377065
T84020A	0.000023630047968997377065
9251   	0.000023630047968997377065
1921   	0.000023630047968997377065
71695  	0.000023630047968997377065
S32030D	0.000023630047968997377065
65581  	0.000023630047968997377065
J4531  	0.000023630047968997377065
T43221A	0.000023630047968997377065
83500  	0.000023630047968997377065
N99531 	0.000023630047968997377065
7822   	0.000023630047968997377065
2367   	0.000023630047968997377065
K250   	0.000023630047968997377065
A409   	0.000023630047968997377065
C411   	0.000023630047968997377065
L89024 	0.000023630047968997377065
G919   	0.000023630047968997377065
71964  	0.000023630047968997377065
I69191 	0.000023630047968997377065
L0889  	0.000023630047968997377065
G901   	0.000023630047968997377065
K652   	0.000023630047968997377065
N210   	0.000023630047968997377065
72630  	0.000023630047968997377065
S2243XD	0.000023630047968997377065
20050  	0.000023630047968997377065
S72041A	0.000023630047968997377065
S72041D	0.000023630047968997377065
N289   	0.000023630047968997377065
20961  	0.000023630047968997377065
17359  	0.000023630047968997377065
G312   	0.000023630047968997377065
99772  	0.000023630047968997377065
Z5112  	0.000023630047968997377065
61172  	0.000023630047968997377065
37853  	0.000023630047968997377065
T81530A	0.000023630047968997377065
S129XXD	0.000023630047968997377065
G14    	0.000023630047968997377065
I82422 	0.000023630047968997377065
1901   	0.000023630047968997377065
I97638 	0.000023630047968997377065
G40209 	0.000023630047968997377065
S42211A	0.000023630047968997377065
5855   	0.000023630047968997377065
T426X1A	0.000023630047968997377065
20931  	0.000023630047968997377065
S2243XA	0.000023630047968997377065
6929   	0.000023630047968997377065
S32111A	0.000023630047968997377065
38101  	0.000023630047968997377065
E806   	0.000023630047968997377065
K610   	0.000023630047968997377065
S32019D	0.000023630047968997377065
S8252XC	0.000023630047968997377065
M19021 	0.000023630047968997377065
G935   	0.000023630047968997377065
S32049D	0.000023630047968997377065
I70263 	0.000023630047968997377065
23332  	0.000023630047968997377065
T8486XA	0.000023630047968997377065
34673  	0.000023630047968997377065
Z9049  	0.000023630047968997377065
38300  	0.000023630047968997377065
V5877  	0.000023630047968997377065
K263   	0.000023630047968997377065
6802   	0.000023630047968997377065
S72401D	0.000023630047968997377065
99645  	0.000023630047968997377065
I6921  	0.000023630047968997377065
99882  	0.000023630047968997377065
Q396   	0.000023630047968997377065
24981  	0.000023630047968997377065
51636  	0.000023630047968997377065
82131  	0.000023630047968997377065
S22028A	0.000023630047968997377065
S72114A	0.000023630047968997377065
N993   	0.000023630047968997377065
I6900  	0.000023630047968997377065
5194   	0.000023630047968997377065
08249  	0.000023630047968997377065
M4852XA	0.000023630047968997377065
87350  	0.000023630047968997377065
E1043  	0.000023630047968997377065
L03112 	0.000023630047968997377065
138    	0.000023630047968997377065
1369   	0.000023630047968997377065
35981  	0.000023630047968997377065
71955  	0.000023630047968997377065
8602   	0.000023630047968997377065
S72351B	0.000023630047968997377065
R278   	0.000023630047968997377065
57441  	0.000023630047968997377065
55129  	0.000023630047968997377065
M62830 	0.000023630047968997377065
C884   	0.000023630047968997377065
78603  	0.000023630047968997377065
77981  	0.000023630047968997377065
V7181  	0.000023630047968997377065
2391   	0.000023630047968997377065
5724   	0.000023630047968997377065
E861   	0.000023630047968997377065
G729   	0.000023630047968997377065
8749   	0.000023630047968997377065
85180  	0.000023630047968997377065
6142   	0.000023630047968997377065
9698   	0.000023630047968997377065
73026  	0.000023630047968997377065
M00261 	0.000023630047968997377065
71699  	0.000023630047968997377065
T886XXA	0.000023630047968997377065
H209   	0.000023630047968997377065
G8191  	0.000023630047968997377065
A041   	0.000023630047968997377065
I70221 	0.000023630047968997377065
S92009D	0.000023630047968997377065
M5481  	0.000023630047968997377065
S06351A	0.000023630047968997377065
8728   	0.000023630047968997377065
I63432 	0.000023630047968997377065
G4451  	0.000023630047968997377065
59960  	0.000023630047968997377065
V5876  	0.000023630047968997377065
41000  	0.000023630047968997377065
64941  	0.000023630047968997377065
C770   	0.000023630047968997377065
2511   	0.000023630047968997377065
48239  	0.000023630047968997377065
78052  	0.000023630047968997377065
S82302D	0.000023630047968997377065
C186   	0.000023630047968997377065
K317   	0.000023630047968997377065
C9201  	0.000023630047968997377065
80506  	0.000023630047968997377065
K621   	0.000023630047968997377065
T24212A	0.000023630047968997377065
M84454A	0.000023630047968997377065
36616  	0.000023630047968997377065
29564  	0.000023630047968997377065
T383X1A	0.000023630047968997377065
05329  	0.000023630047968997377065
D352   	0.000023630047968997377065
K660   	0.000023630047968997377065
51633  	0.000023630047968997377065
62931  	0.000023630047968997377065
T24202A	0.000023630047968997377065
5952   	0.000023630047968997377065
G8220  	0.000023630047968997377065
85146  	0.000023630047968997377065
3594   	0.000023630047968997377065
71107  	0.000023630047968997377065
2131   	0.000023630047968997377065
G930   	0.000023630047968997377065
2939   	0.000023630047968997377065
1456   	0.000023630047968997377065
1511   	0.000023630047968997377065
S52571A	0.000023630047968997377065
H6011  	0.000023630047968997377065
M86071 	0.000023630047968997377065
S0292XD	0.000023630047968997377065
I878   	0.000023630047968997377065
3492   	0.000023630047968997377065
S72102D	0.000023630047968997377065
A150   	0.000023630047968997377065
M726   	0.000023630047968997377065
2820   	0.000023630047968997377065
7517   	0.000023630047968997377065
K51911 	0.000023630047968997377065
80141  	0.000023630047968997377065
52809  	0.000023630047968997377065
65951  	0.000023630047968997377065
4800   	0.000023630047968997377065
V5302  	0.000023630047968997377065
C8590  	0.000023630047968997377065
K55069 	0.000023630047968997377065
S42302A	0.000023630047968997377065
E1022  	0.000023630047968997377065
K868   	0.000023630047968997377065
J84112 	0.000023630047968997377065
71620  	0.000023630047968997377065
78194  	0.000023630047968997377065
H3401  	0.000023630047968997377065
3538   	0.000023630047968997377065
C4442  	0.000023630047968997377065
99686  	0.000023630047968997377065
8024   	0.000023630047968997377065
G603   	0.000023630047968997377065
Z950   	0.000023630047968997377065
M8660  	0.000023630047968997377065
M5117  	0.000023630047968997377065
C8332  	0.000023630047968997377065
S72092A	0.000023630047968997377065
K8013  	0.000023630047968997377065
T8242XA	0.000023630047968997377065
27411  	0.000023630047968997377065
S72491D	0.000023630047968997377065
F0630  	0.000023630047968997377065
78607  	0.000023630047968997377065
2251   	0.000023630047968997377065
S42414A	0.000023630047968997377065
73009  	0.000023630047968997377065
K9429  	0.000023630047968997377065
2143   	0.000023630047968997377065
F6381  	0.000023630047968997377065
S2242XD	0.000023630047968997377065
462    	0.000023630047968997377065
99709  	0.000023630047968997377065
E272   	0.000023630047968997377065
G931   	0.000023630047968997377065
T84022A	0.000023630047968997377065
5289   	0.000023630047968997377065
R680   	0.000023630047968997377065
M4125  	0.000023630047968997377065
M25812 	0.000023630047968997377065
20205  	0.000023630047968997377065
A310   	0.000023630047968997377065
E1311  	0.000023630047968997377065
S12400A	0.000023630047968997377065
33390  	0.000023630047968997377065
L89514 	0.000023630047968997377065
09322  	0.000023630047968997377065
1401   	0.000023630047968997377065
1508   	0.000023630047968997377065
F062   	0.000023630047968997377065
V1011  	0.000023630047968997377065
S62101D	0.000023630047968997377065
S72031A	0.000023630047968997377065
9352   	0.000023630047968997377065
5963   	0.000023630047968997377065
37272  	0.000023630047968997377065
05320  	0.000023630047968997377065
3089   	0.000023630047968997377065
S0511XA	0.000023630047968997377065
F3113  	0.000023630047968997377065
I69353 	0.000023630047968997377065
6144   	0.000023630047968997377065
K6811  	0.000023630047968997377065
S022XXA	0.000023630047968997377065
L02212 	0.000023630047968997377065
J129   	0.000023630047968997377065
1743   	0.000023630047968997377065
T45515A	0.000023630047968997377065
7827   	0.000023630047968997377065
M21962 	0.000023630047968997377065
M1000  	0.000023630047968997377065
O321XX0	0.000023630047968997377065
K8046  	0.000023630047968997377065
85302  	0.000023630047968997377065
G43909 	0.000023630047968997377065
S52502B	0.000023630047968997377065
25010  	0.000023630047968997377065
72281  	0.000023630047968997377065
64911  	0.000023630047968997377065
